stage,seed,target_class,metric,base_score,P,D,Delta,weakest_preserve_transform,strongest_destroy_transform,T_iso,T_floor,T_pers
pilot,0,persistent_shared_mode,correlon_v1,0.26243456184435643,0.9816742787257798,1.0,-0.018325721274220164,P5_observation_noise,D6_common_driver_replacement,0.09420812332747308,0.7310611528799538,0.47002689458766667
pilot,0,persistent_shared_mode,pearson,0.2581716889727461,0.8544465506029438,0.6558130331927297,0.19863351741021418,P4_orthogonal_basis_rotation,D6_common_driver_replacement,,,
pilot,0,persistent_shared_mode,mutual_information,0.10185641592890893,0.9765491590917839,0.35284114291794294,0.6237080161738409,P5_observation_noise,D6_common_driver_replacement,,,
pilot,0,persistent_shared_mode,largest_covariance_eigenvalue,3.493231919528659,0.9766972515649779,0.8058792393989341,0.17081801216604375,P7_coarse_graining,D6_common_driver_replacement,,,
pilot,0,persistent_shared_mode,pca_rank1_explained_variance,0.29110265996072154,0.9923922888080168,0.8058792393989344,0.18651304940908242,P5_observation_noise,D6_common_driver_replacement,,,
pilot,0,persistent_shared_mode,spectral_coherence,0.23237276990838346,0.6125312251516117,0.9750403685591712,-0.36250914340755946,P2_global_scaling,D6_common_driver_replacement,,,
pilot,0,persistent_shared_mode,autocorrelation_persistence,0.72945692263785,0.8843464092434463,1.0,-0.11565359075655368,P7_coarse_graining,D7_history_destruction,,,
pilot,0,persistent_shared_mode,linear_CKA,0.32238728351905377,0.8476671308204966,0.4645814770389657,0.3830856537815309,P2_global_scaling,D6_common_driver_replacement,,,
pilot,0,persistent_shared_mode,VAR_ARX_predictive,0.04511262945068867,0.9975389164581684,1.0,-0.00246108354183161,P5_observation_noise,D6_common_driver_replacement,,,
pilot,0,direct_coupling_SCM,correlon_v1,0.0,0.0,1.0,-1.0,P1_node_permutation,D2_phase_randomization,-0.017093483316420216,0.17372736820414142,0.047969939240372905
pilot,0,direct_coupling_SCM,pearson,0.07033270381576857,0.9974780939752378,1.0,-0.0025219060247622105,P4_orthogonal_basis_rotation,D5_source_swap,,,
pilot,0,direct_coupling_SCM,mutual_information,0.01369187638171998,0.9999999345640544,1.0,-6.543594555097343e-08,P2_global_scaling,D5_source_swap,,,
pilot,0,direct_coupling_SCM,largest_covariance_eigenvalue,1.6631441677042695,0.875276211823437,1.0,-0.12472378817656304,P7_coarse_graining,D7_history_destruction,,,
pilot,0,direct_coupling_SCM,pca_rank1_explained_variance,0.13859534730868905,0.9897037229526863,1.0,-0.010296277047313729,P5_observation_noise,D7_history_destruction,,,
pilot,0,direct_coupling_SCM,spectral_coherence,0.12328908740992614,0.9718297510959709,1.0,-0.028170248904029083,P2_global_scaling,D3_IAAFT_surrogate,,,
pilot,0,direct_coupling_SCM,autocorrelation_persistence,0.6015538854791411,0.8037674319493849,1.0,-0.19623256805061506,P7_coarse_graining,D5_source_swap,,,
pilot,0,direct_coupling_SCM,linear_CKA,0.028583237570583387,0.9451302443270937,1.0,-0.054869755672906306,P2_global_scaling,D5_source_swap,,,
pilot,0,direct_coupling_SCM,VAR_ARX_predictive,0.046978820412163225,0.9578082503364967,0.7437204353655172,0.2140878149709795,P5_observation_noise,D7_history_destruction,,,
pilot,0,history_dependent_relational_mode,correlon_v1,0.0,0.0,1.0,-1.0,P1_node_permutation,D3_IAAFT_surrogate,-0.027333901490176116,0.32542416470277824,0.12221583771333411
pilot,0,history_dependent_relational_mode,pearson,0.07491046507411667,0.9996607980992549,0.8831827349468099,0.11647806315244502,P5_observation_noise,D8_block_shuffle,,,
pilot,0,history_dependent_relational_mode,mutual_information,0.016497914587484952,0.9999992614965474,0.8076818708302614,0.19231739066628595,P2_global_scaling,D4_edge_cutting,,,
pilot,0,history_dependent_relational_mode,largest_covariance_eigenvalue,1.4561549278171042,0.8610865628538886,1.0,-0.13891343714611137,P7_coarse_graining,D6_common_driver_replacement,,,
pilot,0,history_dependent_relational_mode,pca_rank1_explained_variance,0.12134624398475873,0.9990649365854649,1.0,-0.0009350634145350867,P5_observation_noise,D6_common_driver_replacement,,,
pilot,0,history_dependent_relational_mode,spectral_coherence,0.13649483124058678,1.0,1.0,0.0,P1_node_permutation,D1_temporal_shuffle,,,
pilot,0,history_dependent_relational_mode,autocorrelation_persistence,0.6013024893593697,0.7956627237917889,1.0,-0.20433727620821107,P7_coarse_graining,D5_source_swap,,,
pilot,0,history_dependent_relational_mode,linear_CKA,0.03302188475814942,0.5946640939967532,0.7800117433081278,-0.1853476493113746,P2_global_scaling,D8_block_shuffle,,,
pilot,0,history_dependent_relational_mode,VAR_ARX_predictive,0.03290470126068762,0.9009786223636854,1.0,-0.09902137763631458,P2_global_scaling,D2_phase_randomization,,,
pilot,1,persistent_shared_mode,correlon_v1,0.3114141621682482,0.9934989059028941,1.0,-0.006501094097105864,P2_global_scaling,D6_common_driver_replacement,0.12798366692835977,0.7577434115341991,0.5197071999212206
pilot,1,persistent_shared_mode,pearson,0.20626220579479532,0.8818224948722638,0.6753667443093455,0.20645575056291832,P4_orthogonal_basis_rotation,D6_common_driver_replacement,,,
pilot,1,persistent_shared_mode,mutual_information,0.07198933321442247,0.975374701031802,0.4282747867774814,0.5470999142543207,P5_observation_noise,D6_common_driver_replacement,,,
pilot,1,persistent_shared_mode,largest_covariance_eigenvalue,2.892096365025227,0.9619694512101273,0.825282491156982,0.1366869600531453,P7_coarse_graining,D6_common_driver_replacement,,,
pilot,1,persistent_shared_mode,pca_rank1_explained_variance,0.24100803041876892,0.9559074805615901,0.8252824911569815,0.13062498940460865,P2_global_scaling,D6_common_driver_replacement,,,
pilot,1,persistent_shared_mode,spectral_coherence,0.23024005578904652,0.5862652139109888,0.9409270392832436,-0.35466182537225477,P2_global_scaling,D6_common_driver_replacement,,,
pilot,1,persistent_shared_mode,autocorrelation_persistence,0.6888936564815921,0.8847420213566807,1.0,-0.11525797864331933,P7_coarse_graining,D5_source_swap,,,
pilot,1,persistent_shared_mode,linear_CKA,0.2250716463514448,0.4536935694541333,0.47927276208068803,-0.025579192626554725,P2_global_scaling,D6_common_driver_replacement,,,
pilot,1,persistent_shared_mode,VAR_ARX_predictive,0.045059335388314525,0.9088873554046795,1.0,-0.09111264459532054,P2_global_scaling,D6_common_driver_replacement,,,
pilot,1,direct_coupling_SCM,correlon_v1,0.0,0.0,1.0,-1.0,P1_node_permutation,D1_temporal_shuffle,-0.03732928911529462,-0.09811454635875659,-0.008905491593920623
pilot,1,direct_coupling_SCM,pearson,0.08530175321519773,0.9909853770804596,0.9167847522356117,0.0742006248448479,P4_orthogonal_basis_rotation,D2_phase_randomization,,,
pilot,1,direct_coupling_SCM,mutual_information,0.017622844769452084,1.0,1.0,0.0,P1_node_permutation,D2_phase_randomization,,,
pilot,1,direct_coupling_SCM,largest_covariance_eigenvalue,1.7671906066670282,0.8803714353844445,1.0,-0.11962856461555549,P7_coarse_graining,D7_history_destruction,,,
pilot,1,direct_coupling_SCM,pca_rank1_explained_variance,0.147265883888919,0.9997258506747164,1.0,-0.00027414932528357916,P5_observation_noise,D7_history_destruction,,,
pilot,1,direct_coupling_SCM,spectral_coherence,0.16854714830895495,0.6824405101031463,1.0,-0.3175594898968537,P2_global_scaling,D6_common_driver_replacement,,,
pilot,1,direct_coupling_SCM,autocorrelation_persistence,0.6197757637154243,0.7873516252680236,1.0,-0.2126483747319764,P7_coarse_graining,D5_source_swap,,,
pilot,1,direct_coupling_SCM,linear_CKA,0.04184108781213907,0.7398754598808196,0.8574148318809787,-0.11753937200015907,P2_global_scaling,D2_phase_randomization,,,
pilot,1,direct_coupling_SCM,VAR_ARX_predictive,0.05120789853387692,0.9806880655238298,0.8075610390900237,0.17312702643380606,P5_observation_noise,D6_common_driver_replacement,,,
pilot,1,history_dependent_relational_mode,correlon_v1,0.0,0.0,1.0,-1.0,P1_node_permutation,D4_edge_cutting,-0.026897734067500248,0.15964475347484128,-0.03599682615540928
pilot,1,history_dependent_relational_mode,pearson,0.06618649851945642,0.9781308120674443,1.0,-0.021869187932555656,P5_observation_noise,D2_phase_randomization,,,
pilot,1,history_dependent_relational_mode,mutual_information,0.013371871288641146,0.9488000607690034,1.0,-0.05119993923099664,P5_observation_noise,D2_phase_randomization,,,
pilot,1,history_dependent_relational_mode,largest_covariance_eigenvalue,1.4827230102907532,0.8822071431472125,1.0,-0.11779285685278751,P7_coarse_graining,D5_source_swap,,,
pilot,1,history_dependent_relational_mode,pca_rank1_explained_variance,0.12356025085756282,0.9959708835718505,1.0,-0.004029116428149515,P5_observation_noise,D5_source_swap,,,
pilot,1,history_dependent_relational_mode,spectral_coherence,0.1348405936448199,0.8944525447805053,1.0,-0.10554745521949471,P5_observation_noise,D2_phase_randomization,,,
pilot,1,history_dependent_relational_mode,autocorrelation_persistence,0.6192707997929322,0.8197704882040963,0.997933999028325,-0.17816351082422877,P7_coarse_graining,D3_IAAFT_surrogate,,,
pilot,1,history_dependent_relational_mode,linear_CKA,0.02558005541519095,0.7645776815126681,1.0,-0.23542231848733186,P2_global_scaling,D2_phase_randomization,,,
pilot,1,history_dependent_relational_mode,VAR_ARX_predictive,0.03746221885679779,0.9431852932335023,1.0,-0.05681470676649769,P2_global_scaling,D2_phase_randomization,,,
pilot,2,persistent_shared_mode,correlon_v1,0.2882984064727558,0.9397095562026779,1.0,-0.06029044379732207,P5_observation_noise,D6_common_driver_replacement,0.1468943252836652,0.5658215251966094,0.42339620834134306
pilot,2,persistent_shared_mode,pearson,0.21537491878866746,0.9023374781664479,0.7641041275000017,0.13823335066644626,P4_orthogonal_basis_rotation,D6_common_driver_replacement,,,
pilot,2,persistent_shared_mode,mutual_information,0.07930668281669073,0.9845439561022531,0.4607453748064555,0.5237985812957976,P5_observation_noise,D6_common_driver_replacement,,,
pilot,2,persistent_shared_mode,largest_covariance_eigenvalue,2.943769678925774,0.9401218854941381,0.9138964486465149,0.02622543684762324,P6_time_reparameterization,D6_common_driver_replacement,,,
pilot,2,persistent_shared_mode,pca_rank1_explained_variance,0.2453141399104812,0.9961987765600946,0.9138964486465146,0.08230232791357994,P5_observation_noise,D6_common_driver_replacement,,,
pilot,2,persistent_shared_mode,spectral_coherence,0.23890313323641754,0.5746978765997802,1.0,-0.4253021234002198,P2_global_scaling,D6_common_driver_replacement,,,
pilot,2,persistent_shared_mode,autocorrelation_persistence,0.723395513329443,0.8946239495735939,0.9995048964037719,-0.10488094683017801,P7_coarse_graining,D5_source_swap,,,
pilot,2,persistent_shared_mode,linear_CKA,0.2473333480026144,0.5922437903694835,0.5847730076210447,0.00747078274843882,P2_global_scaling,D6_common_driver_replacement,,,
pilot,2,persistent_shared_mode,VAR_ARX_predictive,0.04880778217308146,0.9951025103849938,0.8710618686957902,0.12404064168920359,P2_global_scaling,D6_common_driver_replacement,,,
pilot,2,direct_coupling_SCM,correlon_v1,0.022980360558898582,0.0,0.8873633980207042,-0.8873633980207042,P6_time_reparameterization,D1_temporal_shuffle,0.003022480836229191,0.1747230172932473,0.06629789330754338
pilot,2,direct_coupling_SCM,pearson,0.07236880904856606,0.9824013091629963,0.9743445377628813,0.00805677140011496,P4_orthogonal_basis_rotation,D2_phase_randomization,,,
pilot,2,direct_coupling_SCM,mutual_information,0.013252927406548154,0.9792802984209192,1.0,-0.020719701579080763,P5_observation_noise,D2_phase_randomization,,,
pilot,2,direct_coupling_SCM,largest_covariance_eigenvalue,1.7506301977850254,0.8842038260759144,0.996544902004096,-0.11234107592818154,P7_coarse_graining,D7_history_destruction,,,
pilot,2,direct_coupling_SCM,pca_rank1_explained_variance,0.14588584981541877,0.9853699267956224,0.9965449020040961,-0.011174975208473659,P5_observation_noise,D7_history_destruction,,,
pilot,2,direct_coupling_SCM,spectral_coherence,0.15135549353432712,0.8858760714079694,1.0,-0.11412392859203058,P6_time_reparameterization,D6_common_driver_replacement,,,
pilot,2,direct_coupling_SCM,autocorrelation_persistence,0.6275455201077521,0.8093009444056516,1.0,-0.1906990555943484,P7_coarse_graining,D5_source_swap,,,
pilot,2,direct_coupling_SCM,linear_CKA,0.029974295981582997,0.5506543198830075,0.9787680865515326,-0.4281137666685251,P2_global_scaling,D2_phase_randomization,,,
pilot,2,direct_coupling_SCM,VAR_ARX_predictive,0.06067973442816632,0.9160755519504336,0.6130701118586203,0.3030054400918133,P2_global_scaling,D3_IAAFT_surrogate,,,
pilot,2,history_dependent_relational_mode,correlon_v1,0.0,0.0,1.0,-1.0,P1_node_permutation,D1_temporal_shuffle,0.02983124226629677,-0.023929694518220412,0.05796218850732754
pilot,2,history_dependent_relational_mode,pearson,0.06500301179126873,0.9900610684005422,1.0,-0.009938931599457801,P5_observation_noise,D2_phase_randomization,,,
pilot,2,history_dependent_relational_mode,mutual_information,0.011848198834156887,0.9868537453858675,1.0,-0.013146254614132546,P5_observation_noise,D2_phase_randomization,,,
pilot,2,history_dependent_relational_mode,largest_covariance_eigenvalue,1.5131094306988928,0.863639119015207,1.0,-0.13636088098479304,P7_coarse_graining,D7_history_destruction,,,
pilot,2,history_dependent_relational_mode,pca_rank1_explained_variance,0.12609245255824106,0.9915888318563343,1.0,-0.008411168143665715,P5_observation_noise,D7_history_destruction,,,
pilot,2,history_dependent_relational_mode,spectral_coherence,0.1345126333304752,0.9838067840137011,1.0,-0.01619321598629886,P2_global_scaling,D2_phase_randomization,,,
pilot,2,history_dependent_relational_mode,autocorrelation_persistence,0.6224755298468313,0.8280240207808521,1.0,-0.17197597921914787,P7_coarse_graining,D7_history_destruction,,,
pilot,2,history_dependent_relational_mode,linear_CKA,0.024695429363694354,0.591061834097532,1.0,-0.408938165902468,P2_global_scaling,D2_phase_randomization,,,
pilot,2,history_dependent_relational_mode,VAR_ARX_predictive,0.0365788971445794,0.9645511664336528,0.9457825051385952,0.01876866129505761,P2_global_scaling,D4_edge_cutting,,,
pilot,3,persistent_shared_mode,correlon_v1,0.2713207714372718,0.960565364351898,1.0,-0.03943463564810201,P5_observation_noise,D6_common_driver_replacement,0.13485015864822125,0.5459019236703531,0.4664429531641393
pilot,3,persistent_shared_mode,pearson,0.1739673288383311,0.8288061000052352,0.6994897981228734,0.12931630188236187,P4_orthogonal_basis_rotation,D6_common_driver_replacement,,,
pilot,3,persistent_shared_mode,mutual_information,0.05181941342004848,0.9725225917484493,0.4018795587371807,0.5706430330112686,P5_observation_noise,D6_common_driver_replacement,,,
pilot,3,persistent_shared_mode,largest_covariance_eigenvalue,2.5896102011826367,0.9580196413468282,0.8980069202776098,0.0600127210692184,P7_coarse_graining,D6_common_driver_replacement,,,
pilot,3,persistent_shared_mode,pca_rank1_explained_variance,0.21580085009855304,0.9855812802966362,0.8980069202776099,0.0875743600190263,P5_observation_noise,D6_common_driver_replacement,,,
pilot,3,persistent_shared_mode,spectral_coherence,0.2846254580763606,0.59286747040335,0.8679651586357016,-0.2750976882323516,P2_global_scaling,D6_common_driver_replacement,,,
pilot,3,persistent_shared_mode,autocorrelation_persistence,0.683932141173024,0.8610950811205855,1.0,-0.13890491887941447,P7_coarse_graining,D7_history_destruction,,,
pilot,3,persistent_shared_mode,linear_CKA,0.16687822929057378,0.8337258065757609,0.49120820372969703,0.34251760284606386,P2_global_scaling,D6_common_driver_replacement,,,
pilot,3,persistent_shared_mode,VAR_ARX_predictive,0.054286178978873945,0.9650800383951632,0.7031215653962847,0.26195847299887853,P6_time_reparameterization,D6_common_driver_replacement,,,
pilot,3,direct_coupling_SCM,correlon_v1,0.0,0.0,1.0,-1.0,P1_node_permutation,D8_block_shuffle,-0.022093343489225287,-0.044341091775063145,0.03204523852942176
pilot,3,direct_coupling_SCM,pearson,0.07145563442388866,0.9860104462304348,0.897602753369409,0.08840769286102579,P5_observation_noise,D7_history_destruction,,,
pilot,3,direct_coupling_SCM,mutual_information,0.013426537047647735,0.9603853116250921,0.9957310357079032,-0.035345724082811114,P5_observation_noise,D7_history_destruction,,,
pilot,3,direct_coupling_SCM,largest_covariance_eigenvalue,1.5923285933961224,0.85043231339378,0.9823967077696687,-0.1319643943758887,P7_coarse_graining,D6_common_driver_replacement,,,
pilot,3,direct_coupling_SCM,pca_rank1_explained_variance,0.13269404944967692,0.9999999999999996,0.982396707769668,0.017603292230331524,P4_orthogonal_basis_rotation,D6_common_driver_replacement,,,
pilot,3,direct_coupling_SCM,spectral_coherence,0.26060108337612653,0.4899923031336148,0.8157162004758957,-0.32572389734228085,P2_global_scaling,D6_common_driver_replacement,,,
pilot,3,direct_coupling_SCM,autocorrelation_persistence,0.5961302871975048,0.8036979162852101,1.0,-0.19630208371478985,P7_coarse_graining,D5_source_swap,,,
pilot,3,direct_coupling_SCM,linear_CKA,0.02983100658530671,0.5227445779323733,0.8002325165139115,-0.2774879385815382,P2_global_scaling,D7_history_destruction,,,
pilot,3,direct_coupling_SCM,VAR_ARX_predictive,0.058451988952709255,0.8954913445368982,0.5945303868102242,0.30096095772667397,P2_global_scaling,D7_history_destruction,,,
pilot,3,history_dependent_relational_mode,correlon_v1,0.0,0.0,1.0,-1.0,P1_node_permutation,D8_block_shuffle,-0.00569030567441331,0.07181282186971963,0.07634042622264992
pilot,3,history_dependent_relational_mode,pearson,0.06333642453833462,0.9793748372330466,1.0,-0.020625162766953364,P5_observation_noise,D2_phase_randomization,,,
pilot,3,history_dependent_relational_mode,mutual_information,0.012152291405528981,0.9527846771945416,1.0,-0.04721532280545837,P5_observation_noise,D2_phase_randomization,,,
pilot,3,history_dependent_relational_mode,largest_covariance_eigenvalue,1.408814658914135,0.8740856239018135,1.0,-0.12591437609818645,P7_coarse_graining,D1_temporal_shuffle,,,
pilot,3,history_dependent_relational_mode,pca_rank1_explained_variance,0.11740122157617787,1.0,1.0,0.0,P1_node_permutation,D1_temporal_shuffle,,,
pilot,3,history_dependent_relational_mode,spectral_coherence,0.1430928355058866,0.9168454063606312,1.0,-0.08315459363936883,P5_observation_noise,D5_source_swap,,,
pilot,3,history_dependent_relational_mode,autocorrelation_persistence,0.6232921894083647,0.8485383833256076,1.0,-0.1514616166743924,P7_coarse_graining,D7_history_destruction,,,
pilot,3,history_dependent_relational_mode,linear_CKA,0.023421409799999543,0.7316285431952431,1.0,-0.26837145680475694,P2_global_scaling,D2_phase_randomization,,,
pilot,3,history_dependent_relational_mode,VAR_ARX_predictive,0.037978255125350635,0.9702431394894232,0.9119472855605107,0.058295853928912456,P5_observation_noise,D2_phase_randomization,,,
pilot,4,persistent_shared_mode,correlon_v1,0.34443163230497864,0.9999999999999993,1.0,-6.661338147750939e-16,P1_node_permutation,D6_common_driver_replacement,0.15408865493795343,0.7699019073146027,0.5206444659377586
pilot,4,persistent_shared_mode,pearson,0.2034024624460336,0.9329146406434989,0.8027818903884192,0.13013275025507975,P4_orthogonal_basis_rotation,D6_common_driver_replacement,,,
pilot,4,persistent_shared_mode,mutual_information,0.0785448987080114,0.9976822485855033,0.45693661339527786,0.5407456351902253,P5_observation_noise,D6_common_driver_replacement,,,
pilot,4,persistent_shared_mode,largest_covariance_eigenvalue,2.8355075348475927,0.9623140142373902,0.9442385704240878,0.018075443813302394,P7_coarse_graining,D6_common_driver_replacement,,,
pilot,4,persistent_shared_mode,pca_rank1_explained_variance,0.23629229457063264,0.9999999999999993,0.9442385704240883,0.055761429575911015,P3_affine_offset,D6_common_driver_replacement,,,
pilot,4,persistent_shared_mode,spectral_coherence,0.2095659929239302,0.979754867268173,1.0,-0.020245132731827042,P2_global_scaling,D6_common_driver_replacement,,,
pilot,4,persistent_shared_mode,autocorrelation_persistence,0.7046429263098454,0.8729013933950848,0.996810409195992,-0.12390901580090719,P7_coarse_graining,D2_phase_randomization,,,
pilot,4,persistent_shared_mode,linear_CKA,0.22316032429379384,0.9996550044436456,0.6400007808438926,0.3596542235997531,P5_observation_noise,D6_common_driver_replacement,,,
pilot,4,persistent_shared_mode,VAR_ARX_predictive,0.045141072941520866,0.9920398580917695,0.882303194694524,0.10973666339724553,P5_observation_noise,D6_common_driver_replacement,,,
pilot,4,direct_coupling_SCM,correlon_v1,0.0,0.0,1.0,-1.0,P1_node_permutation,D1_temporal_shuffle,-0.00825882220029904,0.014204099663590375,0.06087680638821241
pilot,4,direct_coupling_SCM,pearson,0.06377269754090764,0.9847355483710429,1.0,-0.015264451628957065,P4_orthogonal_basis_rotation,D7_history_destruction,,,
pilot,4,direct_coupling_SCM,mutual_information,0.01113906445236934,0.9999997784337171,1.0,-2.2156628287639535e-07,P2_global_scaling,D3_IAAFT_surrogate,,,
pilot,4,direct_coupling_SCM,largest_covariance_eigenvalue,1.533894156600317,0.848563119985133,1.0,-0.151436880014867,P7_coarse_graining,D6_common_driver_replacement,,,
pilot,4,direct_coupling_SCM,pca_rank1_explained_variance,0.12782451305002634,0.9999999999999993,1.0,-6.661338147750939e-16,P1_node_permutation,D6_common_driver_replacement,,,
pilot,4,direct_coupling_SCM,spectral_coherence,0.11166263307929442,0.9830054762614076,1.0,-0.01699452373859245,P5_observation_noise,D1_temporal_shuffle,,,
pilot,4,direct_coupling_SCM,autocorrelation_persistence,0.607141014802895,0.796997648698755,0.9975566871255159,-0.20055903842676093,P7_coarse_graining,D2_phase_randomization,,,
pilot,4,direct_coupling_SCM,linear_CKA,0.023683757692906423,0.6462404993866525,1.0,-0.3537595006133475,P2_global_scaling,D7_history_destruction,,,
pilot,4,direct_coupling_SCM,VAR_ARX_predictive,0.050280493771613144,0.8917130792178594,0.7282218253722504,0.16349125384560892,P2_global_scaling,D8_block_shuffle,,,
pilot,4,history_dependent_relational_mode,correlon_v1,0.0,0.0,1.0,-1.0,P1_node_permutation,D1_temporal_shuffle,-0.023608143588979377,-0.010703702849658353,-0.022936040481783604
pilot,4,history_dependent_relational_mode,pearson,0.05391873320014493,0.9767406247793734,1.0,-0.0232593752206266,P5_observation_noise,D2_phase_randomization,,,
pilot,4,history_dependent_relational_mode,mutual_information,0.008506984373455873,0.9530567602515839,1.0,-0.04694323974841608,P5_observation_noise,D2_phase_randomization,,,
pilot,4,history_dependent_relational_mode,largest_covariance_eigenvalue,1.3778786015995588,0.8574493069829882,1.0,-0.14255069301701184,P7_coarse_graining,D2_phase_randomization,,,
pilot,4,history_dependent_relational_mode,pca_rank1_explained_variance,0.11482321679996323,1.0,1.0,0.0,P1_node_permutation,D2_phase_randomization,,,
pilot,4,history_dependent_relational_mode,spectral_coherence,0.14945112497029958,0.7111807122932744,0.9923819210788669,-0.2812012087855925,P2_global_scaling,D7_history_destruction,,,
pilot,4,history_dependent_relational_mode,autocorrelation_persistence,0.6022732802668903,0.7938376950081716,1.0,-0.20616230499182842,P7_coarse_graining,D5_source_swap,,,
pilot,4,history_dependent_relational_mode,linear_CKA,0.01705541514642539,0.6913473282097472,1.0,-0.3086526717902528,P2_global_scaling,D2_phase_randomization,,,
pilot,4,history_dependent_relational_mode,VAR_ARX_predictive,0.03425874836529297,0.9329063833455908,0.9555770402277072,-0.022670656882116336,P2_global_scaling,D5_source_swap,,,
pilot,5,persistent_shared_mode,correlon_v1,0.24298429864315538,0.9888949701178449,1.0,-0.011105029882155115,P5_observation_noise,D6_common_driver_replacement,0.10320408553200637,0.5720836445839714,0.4059501416554963
pilot,5,persistent_shared_mode,pearson,0.1906867322137968,0.9139378329407019,0.7459591260710507,0.1679787068696511,P4_orthogonal_basis_rotation,D6_common_driver_replacement,,,
pilot,5,persistent_shared_mode,mutual_information,0.06597794437685567,0.9929358503625291,0.44987182609733295,0.5430640242651961,P5_observation_noise,D6_common_driver_replacement,,,
pilot,5,persistent_shared_mode,largest_covariance_eigenvalue,2.710081484374924,0.9477731751246221,0.9071511222851338,0.040622052839488276,P7_coarse_graining,D6_common_driver_replacement,,,
pilot,5,persistent_shared_mode,pca_rank1_explained_variance,0.22584012369791032,0.9969544285671331,0.9071511222851338,0.08980330628199928,P5_observation_noise,D6_common_driver_replacement,,,
pilot,5,persistent_shared_mode,spectral_coherence,0.2339261433168179,0.6457331906532212,1.0,-0.3542668093467788,P2_global_scaling,D6_common_driver_replacement,,,
pilot,5,persistent_shared_mode,autocorrelation_persistence,0.6906391061691323,0.863041158828871,1.0,-0.136958841171129,P7_coarse_graining,D2_phase_randomization,,,
pilot,5,persistent_shared_mode,linear_CKA,0.19987246175086804,0.8531163232456555,0.5560474137420868,0.2970689095035687,P2_global_scaling,D6_common_driver_replacement,,,
pilot,5,persistent_shared_mode,VAR_ARX_predictive,0.04832643784467566,0.9717309567961985,0.7931744327083992,0.17855652408779932,P5_observation_noise,D6_common_driver_replacement,,,
pilot,5,direct_coupling_SCM,correlon_v1,0.07744692720489005,0.0,1.0,-1.0,P7_coarse_graining,D8_block_shuffle,0.02119364869726721,0.28301056694654686,0.0889859381232076
pilot,5,direct_coupling_SCM,pearson,0.07145878869276678,0.9894049587492083,0.9797537383865139,0.00965122036269439,P5_observation_noise,D8_block_shuffle,,,
pilot,5,direct_coupling_SCM,mutual_information,0.015941460159334175,0.9743896930787906,0.9491204691514936,0.025269223927297024,P5_observation_noise,D4_edge_cutting,,,
pilot,5,direct_coupling_SCM,largest_covariance_eigenvalue,1.5211236183073624,0.8496587409933488,1.0,-0.15034125900665118,P7_coarse_graining,D8_block_shuffle,,,
pilot,5,direct_coupling_SCM,pca_rank1_explained_variance,0.1267603015256136,1.0,1.0,0.0,P1_node_permutation,D8_block_shuffle,,,
pilot,5,direct_coupling_SCM,spectral_coherence,0.12095169022677439,0.9332391608742338,1.0,-0.06676083912576625,P2_global_scaling,D2_phase_randomization,,,
pilot,5,direct_coupling_SCM,autocorrelation_persistence,0.6063779228467058,0.7948198766441614,0.9967977489852747,-0.2019778723411133,P7_coarse_graining,D2_phase_randomization,,,
pilot,5,direct_coupling_SCM,linear_CKA,0.0297349395083827,0.9744783738192586,0.966277701688121,0.00820067213113762,P2_global_scaling,D4_edge_cutting,,,
pilot,5,direct_coupling_SCM,VAR_ARX_predictive,0.05210503171114472,0.994513619491755,0.6648597833600595,0.3296538361316955,P5_observation_noise,D3_IAAFT_surrogate,,,
pilot,5,history_dependent_relational_mode,correlon_v1,0.0,0.0,1.0,-1.0,P1_node_permutation,D6_common_driver_replacement,-0.019837309521135896,-0.05121112599190499,-0.05394505709521069
pilot,5,history_dependent_relational_mode,pearson,0.07679434191539294,0.9740294561958548,0.9117244749965578,0.06230498119929695,P4_orthogonal_basis_rotation,D7_history_destruction,,,
pilot,5,history_dependent_relational_mode,mutual_information,0.01572002919530424,0.9999991327809317,0.9601722296945939,0.03982690308633774,P2_global_scaling,D7_history_destruction,,,
pilot,5,history_dependent_relational_mode,largest_covariance_eigenvalue,1.5838065668618773,0.8858360423420519,1.0,-0.11416395765794807,P7_coarse_graining,D5_source_swap,,,
pilot,5,history_dependent_relational_mode,pca_rank1_explained_variance,0.13198388057182311,0.9999999999999998,1.0,-2.220446049250313e-16,P1_node_permutation,D5_source_swap,,,
pilot,5,history_dependent_relational_mode,spectral_coherence,0.1243375123741346,0.9764419951377323,1.0,-0.023558004862267667,P2_global_scaling,D1_temporal_shuffle,,,
pilot,5,history_dependent_relational_mode,autocorrelation_persistence,0.612890392234021,0.8244595607795374,1.0,-0.17554043922046259,P7_coarse_graining,D5_source_swap,,,
pilot,5,history_dependent_relational_mode,linear_CKA,0.03445731033211189,0.44574506902446975,0.8252497635424288,-0.3795046945179591,P2_global_scaling,D7_history_destruction,,,
pilot,5,history_dependent_relational_mode,VAR_ARX_predictive,0.035648670146420425,0.9921840798911473,0.9488222903862584,0.04336178950488889,P5_observation_noise,D6_common_driver_replacement,,,
pilot,6,persistent_shared_mode,correlon_v1,0.3878390221866066,0.9343084578586184,1.0,-0.06569154214138162,P6_time_reparameterization,D6_common_driver_replacement,0.19369393699493517,0.7765813915723979,0.5823294277607272
pilot,6,persistent_shared_mode,pearson,0.24237271746845226,0.8275601671048087,0.7462403222238836,0.08131984488092514,P4_orthogonal_basis_rotation,D6_common_driver_replacement,,,
pilot,6,persistent_shared_mode,mutual_information,0.07844834938352974,0.9807409669908854,0.5355073852002182,0.4452335817906672,P5_observation_noise,D6_common_driver_replacement,,,
pilot,6,persistent_shared_mode,largest_covariance_eigenvalue,3.3346189071934793,0.9720476402678034,0.8516609651322994,0.12038667513550405,P7_coarse_graining,D6_common_driver_replacement,,,
pilot,6,persistent_shared_mode,pca_rank1_explained_variance,0.27788490893279,0.9987355275828055,0.8516609651322996,0.14707456245050587,P5_observation_noise,D6_common_driver_replacement,,,
pilot,6,persistent_shared_mode,spectral_coherence,0.22208381685158643,0.7575048890380983,1.0,-0.24249511096190168,P2_global_scaling,D6_common_driver_replacement,,,
pilot,6,persistent_shared_mode,autocorrelation_persistence,0.7191836140186658,0.8957822305458295,0.9981071540265605,-0.10232492348073097,P7_coarse_graining,D2_phase_randomization,,,
pilot,6,persistent_shared_mode,linear_CKA,0.2952700680901636,0.4375111155653138,0.585213890429358,-0.1477027748640442,P2_global_scaling,D6_common_driver_replacement,,,
pilot,6,persistent_shared_mode,VAR_ARX_predictive,0.05345065387330994,0.9740681932032078,0.7945787191670239,0.17948947403618387,P6_time_reparameterization,D6_common_driver_replacement,,,
pilot,6,direct_coupling_SCM,correlon_v1,0.0,0.0,1.0,-1.0,P1_node_permutation,D2_phase_randomization,0.010420874476861547,-0.03619102740010738,0.049988540149832505
pilot,6,direct_coupling_SCM,pearson,0.06922051835364676,0.9674606346970881,1.0,-0.032539365302911905,P5_observation_noise,D5_source_swap,,,
pilot,6,direct_coupling_SCM,mutual_information,0.014386390728542642,0.9417256112954838,1.0,-0.05827438870451618,P5_observation_noise,D7_history_destruction,,,
pilot,6,direct_coupling_SCM,largest_covariance_eigenvalue,1.541469060508333,0.8717098400762812,1.0,-0.12829015992371884,P7_coarse_graining,D5_source_swap,,,
pilot,6,direct_coupling_SCM,pca_rank1_explained_variance,0.12845575504236104,0.9909821245798922,1.0,-0.00901787542010779,P5_observation_noise,D5_source_swap,,,
pilot,6,direct_coupling_SCM,spectral_coherence,0.12867145222654405,0.9596809718750122,1.0,-0.04031902812498778,P5_observation_noise,D2_phase_randomization,,,
pilot,6,direct_coupling_SCM,autocorrelation_persistence,0.6151182771234016,0.7976677388207034,1.0,-0.2023322611792966,P7_coarse_graining,D5_source_swap,,,
pilot,6,direct_coupling_SCM,linear_CKA,0.02785532734540896,0.3060325874028015,1.0,-0.6939674125971985,P2_global_scaling,D5_source_swap,,,
pilot,6,direct_coupling_SCM,VAR_ARX_predictive,0.050283286600832144,0.9848039933520206,0.6632388078071341,0.32156518554488656,P5_observation_noise,D7_history_destruction,,,
pilot,6,history_dependent_relational_mode,correlon_v1,0.09900853314634929,0.801275430701401,1.0,-0.19872456929859905,P6_time_reparameterization,D6_common_driver_replacement,0.03846947741632739,0.2548173329651534,0.19621434319228914
pilot,6,history_dependent_relational_mode,pearson,0.09393124934798633,0.9601217528961508,0.7712896017492457,0.1888321511469051,P4_orthogonal_basis_rotation,D8_block_shuffle,,,
pilot,6,history_dependent_relational_mode,mutual_information,0.02016089255854303,0.9611978332306713,0.7487576599911744,0.21244017323949693,P5_observation_noise,D7_history_destruction,,,
pilot,6,history_dependent_relational_mode,largest_covariance_eigenvalue,1.8656877720811642,0.9038601831668875,0.9397791483436728,-0.03591896517678528,P7_coarse_graining,D6_common_driver_replacement,,,
pilot,6,history_dependent_relational_mode,pca_rank1_explained_variance,0.15547398100676368,0.9819933305685375,0.9397791483436724,0.04221418222486517,P5_observation_noise,D6_common_driver_replacement,,,
pilot,6,history_dependent_relational_mode,spectral_coherence,0.17384577045462513,0.6854792722301204,1.0,-0.3145207277698796,P2_global_scaling,D6_common_driver_replacement,,,
pilot,6,history_dependent_relational_mode,autocorrelation_persistence,0.6169431522049122,0.8318921319425474,1.0,-0.1681078680574526,P7_coarse_graining,D5_source_swap,,,
pilot,6,history_dependent_relational_mode,linear_CKA,0.05059906718567908,0.32448996137655145,0.5948876497665101,-0.27039768838995865,P2_global_scaling,D8_block_shuffle,,,
pilot,6,history_dependent_relational_mode,VAR_ARX_predictive,0.03361772086988535,0.9514440437616215,1.0,-0.048555956238378495,P2_global_scaling,D3_IAAFT_surrogate,,,
pilot,7,persistent_shared_mode,correlon_v1,0.44229075114026445,1.0,1.0,0.0,P1_node_permutation,D6_common_driver_replacement,0.25270170144378007,0.7741186839129386,0.54550033466067
pilot,7,persistent_shared_mode,pearson,0.2491569968525174,0.8756199318944257,0.7096015965441078,0.16601833535031785,P4_orthogonal_basis_rotation,D6_common_driver_replacement,,,
pilot,7,persistent_shared_mode,mutual_information,0.0987961754564981,0.9846099054733092,0.4490341719830014,0.5355757334903077,P5_observation_noise,D6_common_driver_replacement,,,
pilot,7,persistent_shared_mode,largest_covariance_eigenvalue,3.4173344868704154,0.9336291694308345,0.8098176529832245,0.12381151644761001,P6_time_reparameterization,D6_common_driver_replacement,,,
pilot,7,persistent_shared_mode,pca_rank1_explained_variance,0.28477787390586806,0.997483679461627,0.809817652983224,0.18766602647840303,P5_observation_noise,D6_common_driver_replacement,,,
pilot,7,persistent_shared_mode,spectral_coherence,0.24205783137393538,0.8815466510159073,1.0,-0.11845334898409265,P2_global_scaling,D6_common_driver_replacement,,,
pilot,7,persistent_shared_mode,autocorrelation_persistence,0.71548235740534,0.8730523042096754,1.0,-0.1269476957903246,P7_coarse_graining,D7_history_destruction,,,
pilot,7,persistent_shared_mode,linear_CKA,0.30489498989562586,0.972387587675877,0.5476157591250354,0.4247718285508416,P2_global_scaling,D6_common_driver_replacement,,,
pilot,7,persistent_shared_mode,VAR_ARX_predictive,0.04614818006173621,0.9755711364376857,0.961447500350155,0.014123636087530644,P5_observation_noise,D6_common_driver_replacement,,,
pilot,7,direct_coupling_SCM,correlon_v1,0.0,0.0,1.0,-1.0,P1_node_permutation,D2_phase_randomization,-0.022953872074076218,-0.08734400100378548,-0.01705078057209547
pilot,7,direct_coupling_SCM,pearson,0.06887900023905268,0.9657964800993378,1.0,-0.03420351990066217,P4_orthogonal_basis_rotation,D3_IAAFT_surrogate,,,
pilot,7,direct_coupling_SCM,mutual_information,0.012106351426248274,0.9597448656689146,1.0,-0.04025513433108541,P5_observation_noise,D3_IAAFT_surrogate,,,
pilot,7,direct_coupling_SCM,largest_covariance_eigenvalue,1.7287043607358958,0.8842888105297421,1.0,-0.11571118947025794,P7_coarse_graining,D7_history_destruction,,,
pilot,7,direct_coupling_SCM,pca_rank1_explained_variance,0.14405869672799126,0.9969527795252455,1.0,-0.003047220474754475,P5_observation_noise,D7_history_destruction,,,
pilot,7,direct_coupling_SCM,spectral_coherence,0.2005797584094647,0.8359061587493288,0.8398371756145492,-0.003931016865220349,P2_global_scaling,D2_phase_randomization,,,
pilot,7,direct_coupling_SCM,autocorrelation_persistence,0.6036113817965838,0.8206607894252061,1.0,-0.17933921057479385,P7_coarse_graining,D7_history_destruction,,,
pilot,7,direct_coupling_SCM,linear_CKA,0.026977441624442315,0.8112772059658194,1.0,-0.18872279403418057,P2_global_scaling,D3_IAAFT_surrogate,,,
pilot,7,direct_coupling_SCM,VAR_ARX_predictive,0.054804368485941835,0.9734355809503671,0.6675690258649121,0.305866555085455,P5_observation_noise,D7_history_destruction,,,
pilot,7,history_dependent_relational_mode,correlon_v1,0.0,0.0,0.0,0.0,P1_node_permutation,D1_temporal_shuffle,-0.014349179324688308,-0.020322884269482797,-0.03808875758477612
pilot,7,history_dependent_relational_mode,pearson,0.055621864831601434,0.9792384267147546,1.0,-0.020761573285245416,P5_observation_noise,D2_phase_randomization,,,
pilot,7,history_dependent_relational_mode,mutual_information,0.00905120253205527,0.9635191479177456,1.0,-0.03648085208225438,P5_observation_noise,D2_phase_randomization,,,
pilot,7,history_dependent_relational_mode,largest_covariance_eigenvalue,1.4921115042661317,0.8589138092914073,1.0,-0.14108619070859274,P7_coarse_graining,D7_history_destruction,,,
pilot,7,history_dependent_relational_mode,pca_rank1_explained_variance,0.124342625355511,0.9888370885921355,1.0,-0.011162911407864518,P5_observation_noise,D7_history_destruction,,,
pilot,7,history_dependent_relational_mode,spectral_coherence,0.14613728759250322,0.8667165718981584,1.0,-0.13328342810184157,P2_global_scaling,D1_temporal_shuffle,,,
pilot,7,history_dependent_relational_mode,autocorrelation_persistence,0.6034317026625444,0.8168040492509124,1.0,-0.18319595074908757,P7_coarse_graining,D5_source_swap,,,
pilot,7,history_dependent_relational_mode,linear_CKA,0.018100971078940962,0.7743414333431533,1.0,-0.2256585666568467,P2_global_scaling,D2_phase_randomization,,,
pilot,7,history_dependent_relational_mode,VAR_ARX_predictive,0.031848687705195555,0.9020981071701439,1.0,-0.09790189282985606,P2_global_scaling,D1_temporal_shuffle,,,
pilot,8,persistent_shared_mode,correlon_v1,0.025885863556997842,0.0,1.0,-1.0,P2_global_scaling,D1_temporal_shuffle,0.08878677755683921,0.007547046424368098,0.3221321876132013
pilot,8,persistent_shared_mode,pearson,0.1833158250500176,0.9072592502249625,0.753045580775562,0.1542136694494004,P4_orthogonal_basis_rotation,D6_common_driver_replacement,,,
pilot,8,persistent_shared_mode,mutual_information,0.06127995113537088,0.9584617011860522,0.4832717922396748,0.4751899089463774,P5_observation_noise,D6_common_driver_replacement,,,
pilot,8,persistent_shared_mode,largest_covariance_eigenvalue,2.644542478237719,0.9579004701894007,0.9066075670959988,0.051292903093401954,P7_coarse_graining,D6_common_driver_replacement,,,
pilot,8,persistent_shared_mode,pca_rank1_explained_variance,0.22037853985314326,0.9917134623017165,0.9066075670959989,0.08510589520571765,P5_observation_noise,D6_common_driver_replacement,,,
pilot,8,persistent_shared_mode,spectral_coherence,0.2191667916471561,0.9307219303190443,1.0,-0.06927806968095573,P2_global_scaling,D6_common_driver_replacement,,,
pilot,8,persistent_shared_mode,autocorrelation_persistence,0.7000329628969563,0.877704848209556,0.9986700706379491,-0.12096522242839314,P7_coarse_graining,D5_source_swap,,,
pilot,8,persistent_shared_mode,linear_CKA,0.18392313098654475,0.9651937908648288,0.5724396663174562,0.3927541245473726,P5_observation_noise,D6_common_driver_replacement,,,
pilot,8,persistent_shared_mode,VAR_ARX_predictive,0.04738214504006588,0.9885249289379788,0.8768601148699287,0.11166481406805018,P5_observation_noise,D6_common_driver_replacement,,,
pilot,8,direct_coupling_SCM,correlon_v1,0.11848913179866141,0.0,0.8991734133290795,-0.8991734133290795,P6_time_reparameterization,D8_block_shuffle,0.041574035030384135,0.3377029519540199,0.16737860635938573
pilot,8,direct_coupling_SCM,pearson,0.07087386228273075,0.9999999999999998,1.0,-2.220446049250313e-16,P2_global_scaling,D5_source_swap,,,
pilot,8,direct_coupling_SCM,mutual_information,0.014496072510944313,0.999999782374047,1.0,-2.1762595303620458e-07,P2_global_scaling,D5_source_swap,,,
pilot,8,direct_coupling_SCM,largest_covariance_eigenvalue,1.5652140028231254,0.8671330317101128,1.0,-0.1328669682898872,P7_coarse_graining,D5_source_swap,,,
pilot,8,direct_coupling_SCM,pca_rank1_explained_variance,0.13043450023526046,0.9999999999999993,1.0,-6.661338147750939e-16,P4_orthogonal_basis_rotation,D5_source_swap,,,
pilot,8,direct_coupling_SCM,spectral_coherence,0.11201722336528952,0.9999999999999992,1.0,-7.771561172376096e-16,P1_node_permutation,D1_temporal_shuffle,,,
pilot,8,direct_coupling_SCM,autocorrelation_persistence,0.6212545516487257,0.7993507189320357,1.0,-0.2006492810679643,P7_coarse_graining,D7_history_destruction,,,
pilot,8,direct_coupling_SCM,linear_CKA,0.0293381701360105,0.8717278559615907,1.0,-0.12827214403840925,P2_global_scaling,D5_source_swap,,,
pilot,8,direct_coupling_SCM,VAR_ARX_predictive,0.05718651310962958,0.9189987489922251,0.6417514175702853,0.2772473314219398,P6_time_reparameterization,D3_IAAFT_surrogate,,,
pilot,8,history_dependent_relational_mode,correlon_v1,0.0,0.0,1.0,-1.0,P1_node_permutation,D6_common_driver_replacement,-0.044265905490387725,0.11798156975277209,0.013185076924770722
pilot,8,history_dependent_relational_mode,pearson,0.06860371363502629,0.9542107047901417,1.0,-0.045789295209858305,P4_orthogonal_basis_rotation,D6_common_driver_replacement,,,
pilot,8,history_dependent_relational_mode,mutual_information,0.01290013912421284,0.9999995265557127,1.0,-4.7344428732998267e-07,P2_global_scaling,D7_history_destruction,,,
pilot,8,history_dependent_relational_mode,largest_covariance_eigenvalue,1.5748758243543166,0.8802774783921982,1.0,-0.11972252160780184,P7_coarse_graining,D6_common_driver_replacement,,,
pilot,8,history_dependent_relational_mode,pca_rank1_explained_variance,0.1312396520295264,0.9999999999999996,1.0,-4.440892098500626e-16,P4_orthogonal_basis_rotation,D6_common_driver_replacement,,,
pilot,8,history_dependent_relational_mode,spectral_coherence,0.1305418839727597,0.9735107202609737,1.0,-0.02648927973902626,P5_observation_noise,D1_temporal_shuffle,,,
pilot,8,history_dependent_relational_mode,autocorrelation_persistence,0.6219040682478497,0.8033970390846351,1.0,-0.1966029609153649,P7_coarse_graining,D5_source_swap,,,
pilot,8,history_dependent_relational_mode,linear_CKA,0.02732304036263588,0.7334530124041897,1.0,-0.2665469875958103,P2_global_scaling,D6_common_driver_replacement,,,
pilot,8,history_dependent_relational_mode,VAR_ARX_predictive,0.03680468626857197,0.9080303010690886,0.9694985743624052,-0.06146827329331661,P2_global_scaling,D3_IAAFT_surrogate,,,
pilot,9,persistent_shared_mode,correlon_v1,0.14486197668267753,0.0,1.0,-1.0,P6_time_reparameterization,D6_common_driver_replacement,0.1143037064771828,0.18358977967701873,0.2043446967744858
pilot,9,persistent_shared_mode,pearson,0.18925819866692523,0.9406919658006448,0.7795785067971143,0.16111345900353058,P4_orthogonal_basis_rotation,D6_common_driver_replacement,,,
pilot,9,persistent_shared_mode,mutual_information,0.0611619377137832,0.989157705602812,0.5383835286114007,0.4507741769914113,P5_observation_noise,D6_common_driver_replacement,,,
pilot,9,persistent_shared_mode,largest_covariance_eigenvalue,2.7005106056006136,0.9607473458063104,0.9144797067386776,0.04626763906763276,P7_coarse_graining,D6_common_driver_replacement,,,
pilot,9,persistent_shared_mode,pca_rank1_explained_variance,0.2250425504667178,0.9952621149345323,0.9144797067386776,0.0807824081958547,P5_observation_noise,D6_common_driver_replacement,,,
pilot,9,persistent_shared_mode,spectral_coherence,0.26464320633134236,0.4455519017283927,0.9544266788433589,-0.5088747771149662,P2_global_scaling,D6_common_driver_replacement,,,
pilot,9,persistent_shared_mode,autocorrelation_persistence,0.7045101172745455,0.8715276739996278,0.9984322410977408,-0.12690456709811293,P7_coarse_graining,D2_phase_randomization,,,
pilot,9,persistent_shared_mode,linear_CKA,0.1957287443712597,0.4807686773941495,0.6153769987215311,-0.13460832132738154,P2_global_scaling,D6_common_driver_replacement,,,
pilot,9,persistent_shared_mode,VAR_ARX_predictive,0.049003849067333405,0.9832407055903702,0.8133710397368719,0.16986966585349839,P5_observation_noise,D6_common_driver_replacement,,,
pilot,9,direct_coupling_SCM,correlon_v1,0.0,0.0,1.0,-1.0,P1_node_permutation,D4_edge_cutting,-0.0011374961927848731,-0.003968717666756612,0.026219726378277186
pilot,9,direct_coupling_SCM,pearson,0.07618162153546956,0.9762708462511667,0.8764290944785665,0.09984175177260013,P4_orthogonal_basis_rotation,D7_history_destruction,,,
pilot,9,direct_coupling_SCM,mutual_information,0.014573690552880048,0.9999989757493978,0.9132801413096865,0.08671883443971129,P2_global_scaling,D7_history_destruction,,,
pilot,9,direct_coupling_SCM,largest_covariance_eigenvalue,1.630508273896443,0.8662544616130593,0.9490876075736616,-0.08283314596060232,P7_coarse_graining,D6_common_driver_replacement,,,
pilot,9,direct_coupling_SCM,pca_rank1_explained_variance,0.13587568949137027,0.9999999999999993,0.9490876075736614,0.05091239242633794,P3_affine_offset,D6_common_driver_replacement,,,
pilot,9,direct_coupling_SCM,spectral_coherence,0.20443410660716063,0.713628822281262,0.8162399701866188,-0.10261114790535675,P2_global_scaling,D6_common_driver_replacement,,,
pilot,9,direct_coupling_SCM,autocorrelation_persistence,0.6008116264246872,0.7922820270625396,0.9991116253134094,-0.20682959825086977,P7_coarse_graining,D2_phase_randomization,,,
pilot,9,direct_coupling_SCM,linear_CKA,0.033909394891545964,0.5631776393827013,0.7599257345043398,-0.1967480951216385,P2_global_scaling,D7_history_destruction,,,
pilot,9,direct_coupling_SCM,VAR_ARX_predictive,0.05435402803200168,0.8937747040487914,0.6819368677520772,0.21183783629671427,P2_global_scaling,D4_edge_cutting,,,
pilot,9,history_dependent_relational_mode,correlon_v1,0.0,0.0,1.0,-1.0,P1_node_permutation,D1_temporal_shuffle,-0.031255707635560695,-0.0018724665807920426,-0.010949568098964024
pilot,9,history_dependent_relational_mode,pearson,0.06271314135217732,0.9972350734439085,1.0,-0.002764926556091507,P5_observation_noise,D5_source_swap,,,
pilot,9,history_dependent_relational_mode,mutual_information,0.011551642575166277,0.9969934607631831,1.0,-0.0030065392368169297,P5_observation_noise,D5_source_swap,,,
pilot,9,history_dependent_relational_mode,largest_covariance_eigenvalue,1.4272309851697271,0.8825148792346799,1.0,-0.11748512076532014,P7_coarse_graining,D5_source_swap,,,
pilot,9,history_dependent_relational_mode,pca_rank1_explained_variance,0.11893591543081057,0.9924694779657554,1.0,-0.007530522034244647,P5_observation_noise,D5_source_swap,,,
pilot,9,history_dependent_relational_mode,spectral_coherence,0.1302474499315464,0.9784620822323603,1.0,-0.02153791776763969,P6_time_reparameterization,D1_temporal_shuffle,,,
pilot,9,history_dependent_relational_mode,autocorrelation_persistence,0.6003347404747579,0.7787299324353365,1.0,-0.2212700675646635,P7_coarse_graining,D5_source_swap,,,
pilot,9,history_dependent_relational_mode,linear_CKA,0.023130502538313932,0.8598175491121416,1.0,-0.1401824508878584,P2_global_scaling,D5_source_swap,,,
pilot,9,history_dependent_relational_mode,VAR_ARX_predictive,0.03578504840458113,0.9324503849882628,1.0,-0.06754961501173717,P2_global_scaling,D1_temporal_shuffle,,,
pilot,10,persistent_shared_mode,correlon_v1,0.36943277863760515,0.964245142615207,0.8473934319533579,0.11685171066184907,P5_observation_noise,D6_common_driver_replacement,0.1975395948086633,0.6909023887798128,0.5353794563975458
pilot,10,persistent_shared_mode,pearson,0.251093742492858,0.8380200806583499,0.7315020315156932,0.10651804914265672,P4_orthogonal_basis_rotation,D6_common_driver_replacement,,,
pilot,10,persistent_shared_mode,mutual_information,0.08307839892359936,0.9882697546148831,0.4873363148110692,0.5009334398038139,P5_observation_noise,D6_common_driver_replacement,,,
pilot,10,persistent_shared_mode,largest_covariance_eigenvalue,3.4277782397988625,0.9671006662409131,0.8546476901273063,0.11245297611360672,P7_coarse_graining,D6_common_driver_replacement,,,
pilot,10,persistent_shared_mode,pca_rank1_explained_variance,0.2856481866499053,0.9926613028442915,0.8546476901273059,0.13801361271698565,P5_observation_noise,D6_common_driver_replacement,,,
pilot,10,persistent_shared_mode,spectral_coherence,0.22556440035191735,0.8077130707216424,1.0,-0.19228692927835755,P2_global_scaling,D6_common_driver_replacement,,,
pilot,10,persistent_shared_mode,autocorrelation_persistence,0.7108567565546351,0.8964672948647673,1.0,-0.10353270513523272,P7_coarse_graining,D7_history_destruction,,,
pilot,10,persistent_shared_mode,linear_CKA,0.31471452527475696,0.6943340775304915,0.5533857852228307,0.14094829230766082,P2_global_scaling,D6_common_driver_replacement,,,
pilot,10,persistent_shared_mode,VAR_ARX_predictive,0.043401121805996035,0.9329945708088659,1.0,-0.06700542919113406,P2_global_scaling,D6_common_driver_replacement,,,
pilot,10,direct_coupling_SCM,correlon_v1,0.0,0.0,1.0,-1.0,P1_node_permutation,D4_edge_cutting,0.05669547733605901,-0.008163745815098544,0.06333501513032097
pilot,10,direct_coupling_SCM,pearson,0.08686583642185523,0.9782754635597515,0.8642704042249711,0.11400505933478033,P4_orthogonal_basis_rotation,D8_block_shuffle,,,
pilot,10,direct_coupling_SCM,mutual_information,0.01906842307139911,0.9861955681222221,0.86148171245554,0.12471385566668214,P5_observation_noise,D8_block_shuffle,,,
pilot,10,direct_coupling_SCM,largest_covariance_eigenvalue,1.8045167818216812,0.8794934513160859,0.9370823806027366,-0.057588929286650714,P7_coarse_graining,D8_block_shuffle,,,
pilot,10,direct_coupling_SCM,pca_rank1_explained_variance,0.15037639848514012,0.995061281561348,0.937082380602737,0.057978900958611024,P5_observation_noise,D8_block_shuffle,,,
pilot,10,direct_coupling_SCM,spectral_coherence,0.21645489697365888,0.6169074271294933,0.8061364194609872,-0.18922899233149393,P2_global_scaling,D6_common_driver_replacement,,,
pilot,10,direct_coupling_SCM,autocorrelation_persistence,0.606481158713466,0.777664763909603,1.0,-0.22233523609039696,P7_coarse_graining,D7_history_destruction,,,
pilot,10,direct_coupling_SCM,linear_CKA,0.043435968070595375,0.8202424815100351,0.7469633316191955,0.07327914989083961,P2_global_scaling,D8_block_shuffle,,,
pilot,10,direct_coupling_SCM,VAR_ARX_predictive,0.05953302929976162,0.9865844006385959,0.6720872048354909,0.314497195803105,P2_global_scaling,D8_block_shuffle,,,
pilot,10,history_dependent_relational_mode,correlon_v1,0.0,0.0,0.0,0.0,P1_node_permutation,D1_temporal_shuffle,-0.025542719601724745,-0.058732385038673035,-0.10196926393943592
pilot,10,history_dependent_relational_mode,pearson,0.05638678569501158,0.9883640360629663,1.0,-0.0116359639370337,P4_orthogonal_basis_rotation,D2_phase_randomization,,,
pilot,10,history_dependent_relational_mode,mutual_information,0.009602266599940124,0.9834618485094722,1.0,-0.01653815149052784,P5_observation_noise,D2_phase_randomization,,,
pilot,10,history_dependent_relational_mode,largest_covariance_eigenvalue,1.4499904375808965,0.8505133105895928,1.0,-0.14948668941040721,P7_coarse_graining,D7_history_destruction,,,
pilot,10,history_dependent_relational_mode,pca_rank1_explained_variance,0.1208325364650747,0.9999999999999994,1.0,-5.551115123125783e-16,P4_orthogonal_basis_rotation,D7_history_destruction,,,
pilot,10,history_dependent_relational_mode,spectral_coherence,0.11056450240029259,0.9999999999999999,1.0,-1.1102230246251565e-16,P3_affine_offset,D1_temporal_shuffle,,,
pilot,10,history_dependent_relational_mode,autocorrelation_persistence,0.6085774892908674,0.78599923065138,1.0,-0.21400076934862,P7_coarse_graining,D5_source_swap,,,
pilot,10,history_dependent_relational_mode,linear_CKA,0.018628284266593007,0.6958882697938092,1.0,-0.30411173020619076,P2_global_scaling,D2_phase_randomization,,,
pilot,10,history_dependent_relational_mode,VAR_ARX_predictive,0.03518540408534454,0.9809039496772746,0.9434289569142172,0.037474992763057324,P2_global_scaling,D5_source_swap,,,
pilot,11,persistent_shared_mode,correlon_v1,0.2933852123979447,0.9833131716656888,1.0,-0.016686828334311232,P2_global_scaling,D6_common_driver_replacement,0.13543312286238174,0.6355526700898034,0.5053065170044144
pilot,11,persistent_shared_mode,pearson,0.22550309054465908,0.7946376838277365,0.7646107634077953,0.03002692041994115,P4_orthogonal_basis_rotation,D6_common_driver_replacement,,,
pilot,11,persistent_shared_mode,mutual_information,0.08581581571883512,0.9631412451465877,0.4605683739665474,0.5025728711800403,P5_observation_noise,D6_common_driver_replacement,,,
pilot,11,persistent_shared_mode,largest_covariance_eigenvalue,3.0630323901261693,0.9696510353403848,0.9033650359273675,0.06628599941301727,P7_coarse_graining,D6_common_driver_replacement,,,
pilot,11,persistent_shared_mode,pca_rank1_explained_variance,0.2552526991771809,0.9878102964486202,0.9033650359273668,0.08444526052125334,P5_observation_noise,D6_common_driver_replacement,,,
pilot,11,persistent_shared_mode,spectral_coherence,0.2646429869748919,0.4879267828350777,0.9269213509859127,-0.438994568150835,P2_global_scaling,D6_common_driver_replacement,,,
pilot,11,persistent_shared_mode,autocorrelation_persistence,0.7039540522973969,0.890068252015196,0.99653764980415,-0.10646939778895403,P7_coarse_graining,D3_IAAFT_surrogate,,,
pilot,11,persistent_shared_mode,linear_CKA,0.2657887297447368,0.5395734567165175,0.5931352703411388,-0.05356181362462131,P2_global_scaling,D6_common_driver_replacement,,,
pilot,11,persistent_shared_mode,VAR_ARX_predictive,0.05199852727330134,0.9241381578560126,0.93000119073946,-0.005863032883447361,P2_global_scaling,D6_common_driver_replacement,,,
pilot,11,direct_coupling_SCM,correlon_v1,0.0,0.0,1.0,-1.0,P1_node_permutation,D3_IAAFT_surrogate,-0.0012430614817813268,0.349253309634156,0.1270997166979671
pilot,11,direct_coupling_SCM,pearson,0.06733720823431992,0.9758985765670262,0.97578822646031,0.00011035010671611722,P4_orthogonal_basis_rotation,D4_edge_cutting,,,
pilot,11,direct_coupling_SCM,mutual_information,0.012200209089291758,0.999202133615708,1.0,-0.0007978663842920231,P5_observation_noise,D2_phase_randomization,,,
pilot,11,direct_coupling_SCM,largest_covariance_eigenvalue,1.5078394609131947,0.8776012014119128,1.0,-0.12239879858808722,P7_coarse_graining,D5_source_swap,,,
pilot,11,direct_coupling_SCM,pca_rank1_explained_variance,0.12565328840943288,0.9999999999999991,1.0,-8.881784197001252e-16,P4_orthogonal_basis_rotation,D5_source_swap,,,
pilot,11,direct_coupling_SCM,spectral_coherence,0.11195754624772962,0.9999999999999991,1.0,-8.881784197001252e-16,P3_affine_offset,D1_temporal_shuffle,,,
pilot,11,direct_coupling_SCM,autocorrelation_persistence,0.597275527881639,0.7912199743258753,0.9985550679971572,-0.2073350936712819,P7_coarse_graining,D2_phase_randomization,,,
pilot,11,direct_coupling_SCM,linear_CKA,0.026409589320705824,0.6880043845325512,0.9622145475863091,-0.2742101630537579,P2_global_scaling,D4_edge_cutting,,,
pilot,11,direct_coupling_SCM,VAR_ARX_predictive,0.05057868569997348,0.9865770203472322,0.708113735214041,0.2784632851331912,P5_observation_noise,D6_common_driver_replacement,,,
pilot,11,history_dependent_relational_mode,correlon_v1,0.0,0.0,1.0,-1.0,P1_node_permutation,D7_history_destruction,-0.027341732704315586,0.3733018129683515,0.040657028531966954
pilot,11,history_dependent_relational_mode,pearson,0.05434791366358588,0.9999999999999998,1.0,-2.220446049250313e-16,P2_global_scaling,D2_phase_randomization,,,
pilot,11,history_dependent_relational_mode,mutual_information,0.00916587063900065,0.9869377786025766,1.0,-0.013062221397423412,P5_observation_noise,D2_phase_randomization,,,
pilot,11,history_dependent_relational_mode,largest_covariance_eigenvalue,1.4049503115734685,0.8450704177045614,1.0,-0.15492958229543863,P7_coarse_graining,D1_temporal_shuffle,,,
pilot,11,history_dependent_relational_mode,pca_rank1_explained_variance,0.11707919263112235,0.9999999999999992,1.0,-7.771561172376096e-16,P3_affine_offset,D1_temporal_shuffle,,,
pilot,11,history_dependent_relational_mode,spectral_coherence,0.12709417260279138,0.8574260108763789,1.0,-0.14257398912362107,P2_global_scaling,D2_phase_randomization,,,
pilot,11,history_dependent_relational_mode,autocorrelation_persistence,0.5994581884720896,0.7908134518829536,1.0,-0.2091865481170464,P7_coarse_graining,D5_source_swap,,,
pilot,11,history_dependent_relational_mode,linear_CKA,0.01715479044766725,0.6551204697754516,1.0,-0.3448795302245484,P2_global_scaling,D2_phase_randomization,,,
pilot,11,history_dependent_relational_mode,VAR_ARX_predictive,0.03130643641553915,0.9624557668674902,1.0,-0.03754423313250976,P5_observation_noise,D3_IAAFT_surrogate,,,
pilot,12,persistent_shared_mode,correlon_v1,0.31180229378319835,0.9985806630799192,1.0,-0.0014193369200807826,P2_global_scaling,D6_common_driver_replacement,0.1410199859060448,0.6894105809458642,0.46792302663663654
pilot,12,persistent_shared_mode,pearson,0.1757278507577287,0.8789526753421929,0.7011625006540099,0.17779017468818303,P4_orthogonal_basis_rotation,D6_common_driver_replacement,,,
pilot,12,persistent_shared_mode,mutual_information,0.06724374971434999,0.9756022305747025,0.4303965294957709,0.5452057010789316,P5_observation_noise,D6_common_driver_replacement,,,
pilot,12,persistent_shared_mode,largest_covariance_eigenvalue,2.526179595046208,0.952243671623352,0.8625161430930403,0.08972752853031174,P7_coarse_graining,D5_source_swap,,,
pilot,12,persistent_shared_mode,pca_rank1_explained_variance,0.21051496625385066,0.9955079760481189,0.8625161430930405,0.13299183295507844,P5_observation_noise,D5_source_swap,,,
pilot,12,persistent_shared_mode,spectral_coherence,0.19243295447997594,0.6313677670120604,1.0,-0.36863223298793957,P2_global_scaling,D6_common_driver_replacement,,,
pilot,12,persistent_shared_mode,autocorrelation_persistence,0.6851596903413778,0.8497930727873383,1.0,-0.1502069272126617,P7_coarse_graining,D5_source_swap,,,
pilot,12,persistent_shared_mode,linear_CKA,0.17097748643288152,0.6890907138715819,0.5071238009205375,0.1819669129510444,P2_global_scaling,D6_common_driver_replacement,,,
pilot,12,persistent_shared_mode,VAR_ARX_predictive,0.04929355761440907,0.9488630027431426,0.9002003621034106,0.048662640639732024,P2_global_scaling,D6_common_driver_replacement,,,
pilot,12,direct_coupling_SCM,correlon_v1,0.0,0.0,1.0,-1.0,P1_node_permutation,D1_temporal_shuffle,0.026343552284216226,-0.04914312489034367,0.11110229366377283
pilot,12,direct_coupling_SCM,pearson,0.08349830251940984,0.9675004503030822,1.0,-0.03249954969691782,P4_orthogonal_basis_rotation,D6_common_driver_replacement,,,
pilot,12,direct_coupling_SCM,mutual_information,0.01680188676689054,0.9679092961307229,0.9120317901666012,0.055877505964121665,P5_observation_noise,D6_common_driver_replacement,,,
pilot,12,direct_coupling_SCM,largest_covariance_eigenvalue,1.8246406124142394,0.8780053639003923,0.9892361718096604,-0.11123080790926809,P7_coarse_graining,D6_common_driver_replacement,,,
pilot,12,direct_coupling_SCM,pca_rank1_explained_variance,0.15205338436785332,0.9908569801375983,0.9892361718096602,0.0016208083279380947,P5_observation_noise,D6_common_driver_replacement,,,
pilot,12,direct_coupling_SCM,spectral_coherence,0.0998402753884453,0.9930121816789014,1.0,-0.006987818321098627,P5_observation_noise,D1_temporal_shuffle,,,
pilot,12,direct_coupling_SCM,autocorrelation_persistence,0.6120791474161268,0.8163688696173135,1.0,-0.18363113038268652,P7_coarse_graining,D5_source_swap,,,
pilot,12,direct_coupling_SCM,linear_CKA,0.03955617102567851,0.9563109763180858,1.0,-0.043689023681914185,P5_observation_noise,D6_common_driver_replacement,,,
pilot,12,direct_coupling_SCM,VAR_ARX_predictive,0.05563630947383774,0.979464642268667,0.7030445191515221,0.2764201231171449,P5_observation_noise,D6_common_driver_replacement,,,
pilot,12,history_dependent_relational_mode,correlon_v1,0.0,0.0,1.0,-1.0,P1_node_permutation,D6_common_driver_replacement,0.0023847626873124,-0.007974772921789622,-0.016008627920772234
pilot,12,history_dependent_relational_mode,pearson,0.06670811414319508,0.9751522544482806,0.9350762005304999,0.040076053917780685,P5_observation_noise,D7_history_destruction,,,
pilot,12,history_dependent_relational_mode,mutual_information,0.01281955359074538,0.9602864412023707,0.9142829510503263,0.04600349015204441,P5_observation_noise,D3_IAAFT_surrogate,,,
pilot,12,history_dependent_relational_mode,largest_covariance_eigenvalue,1.5584365704308447,0.8989742042971013,0.9698773617288384,-0.07090315743173714,P7_coarse_graining,D8_block_shuffle,,,
pilot,12,history_dependent_relational_mode,pca_rank1_explained_variance,0.12986971420257037,0.9982835172190395,0.9698773617288384,0.02840615549020109,P5_observation_noise,D8_block_shuffle,,,
pilot,12,history_dependent_relational_mode,spectral_coherence,0.17491361718985818,0.7719484668783794,0.8519432459601127,-0.07999477908173336,P2_global_scaling,D6_common_driver_replacement,,,
pilot,12,history_dependent_relational_mode,autocorrelation_persistence,0.6127907296275089,0.8260611219906875,0.9989444370633819,-0.1728833150726944,P7_coarse_graining,D2_phase_randomization,,,
pilot,12,history_dependent_relational_mode,linear_CKA,0.025767375960221866,0.8138800202030806,0.8695786670314462,-0.05569864682836556,P2_global_scaling,D7_history_destruction,,,
pilot,12,history_dependent_relational_mode,VAR_ARX_predictive,0.03470409325930296,0.9945304008803948,1.0,-0.005469599119605206,P6_time_reparameterization,D2_phase_randomization,,,
pilot,13,persistent_shared_mode,correlon_v1,0.34241691017587494,0.9421922192208217,1.0,-0.05780778077917825,P6_time_reparameterization,D6_common_driver_replacement,0.1600035508340237,0.7327921146951253,0.5054713986236342
pilot,13,persistent_shared_mode,pearson,0.27961472828074296,0.8359569129281897,0.711754407041931,0.1242025058862587,P4_orthogonal_basis_rotation,D6_common_driver_replacement,,,
pilot,13,persistent_shared_mode,mutual_information,0.08774943831136295,0.9771614517389517,0.4673009864125635,0.5098604653263883,P5_observation_noise,D6_common_driver_replacement,,,
pilot,13,persistent_shared_mode,largest_covariance_eigenvalue,3.7802171365663355,0.971350308746792,0.831441572211887,0.139908736534905,P7_coarse_graining,D6_common_driver_replacement,,,
pilot,13,persistent_shared_mode,pca_rank1_explained_variance,0.3150180947138612,0.9903574054962614,0.8314415722118875,0.15891583328437386,P5_observation_noise,D6_common_driver_replacement,,,
pilot,13,persistent_shared_mode,spectral_coherence,0.1933158017559175,0.7753490415129216,1.0,-0.2246509584870784,P2_global_scaling,D6_common_driver_replacement,,,
pilot,13,persistent_shared_mode,autocorrelation_persistence,0.7212561116432742,0.8981498103058935,0.9991201761655892,-0.10097036585969577,P7_coarse_graining,D2_phase_randomization,,,
pilot,13,persistent_shared_mode,linear_CKA,0.36884850055637386,0.6932929966335705,0.5395419471045716,0.15375104952899887,P2_global_scaling,D6_common_driver_replacement,,,
pilot,13,persistent_shared_mode,VAR_ARX_predictive,0.044580087934512846,0.9813690409360649,1.0,-0.018630959063935082,P6_time_reparameterization,D6_common_driver_replacement,,,
pilot,13,direct_coupling_SCM,correlon_v1,0.0,0.0,1.0,-1.0,P1_node_permutation,D4_edge_cutting,-0.0016975979634024085,0.13130716861906191,-0.0006564019236554586
pilot,13,direct_coupling_SCM,pearson,0.06095081486055142,0.9973877363095764,1.0,-0.0026122636904235552,P5_observation_noise,D2_phase_randomization,,,
pilot,13,direct_coupling_SCM,mutual_information,0.010175993215021384,0.988097490832843,1.0,-0.01190250916715696,P5_observation_noise,D2_phase_randomization,,,
pilot,13,direct_coupling_SCM,largest_covariance_eigenvalue,1.5677017190206022,0.8480744150025786,1.0,-0.15192558499742137,P7_coarse_graining,D5_source_swap,,,
pilot,13,direct_coupling_SCM,pca_rank1_explained_variance,0.13064180991838356,0.9999999999999996,1.0,-4.440892098500626e-16,P4_orthogonal_basis_rotation,D5_source_swap,,,
pilot,13,direct_coupling_SCM,spectral_coherence,0.15069431426983548,0.8630818465712323,1.0,-0.13691815342876767,P6_time_reparameterization,D2_phase_randomization,,,
pilot,13,direct_coupling_SCM,autocorrelation_persistence,0.5976377846465367,0.8159400466168066,1.0,-0.18405995338319336,P7_coarse_graining,D5_source_swap,,,
pilot,13,direct_coupling_SCM,linear_CKA,0.021625907460469523,0.8375642628499599,1.0,-0.16243573715004012,P2_global_scaling,D2_phase_randomization,,,
pilot,13,direct_coupling_SCM,VAR_ARX_predictive,0.05212757752112013,0.9213704857778191,0.6548514185111616,0.26651906726665753,P6_time_reparameterization,D2_phase_randomization,,,
pilot,13,history_dependent_relational_mode,correlon_v1,0.0,0.0,1.0,-1.0,P1_node_permutation,D1_temporal_shuffle,-0.0015395166705984842,-0.036807564608896524,-0.08513741254749288
pilot,13,history_dependent_relational_mode,pearson,0.06306380018010616,0.981313205886953,1.0,-0.018686794113046967,P5_observation_noise,D2_phase_randomization,,,
pilot,13,history_dependent_relational_mode,mutual_information,0.012367996693116612,0.9622642567977406,1.0,-0.037735743202259364,P5_observation_noise,D2_phase_randomization,,,
pilot,13,history_dependent_relational_mode,largest_covariance_eigenvalue,1.5355951925121798,0.8790819172384678,1.0,-0.12091808276153215,P7_coarse_graining,D7_history_destruction,,,
pilot,13,history_dependent_relational_mode,pca_rank1_explained_variance,0.12796626604268166,0.9964194422202316,1.0,-0.0035805577797684007,P5_observation_noise,D7_history_destruction,,,
pilot,13,history_dependent_relational_mode,spectral_coherence,0.11683003080006024,0.9180686216688775,1.0,-0.08193137833112252,P5_observation_noise,D1_temporal_shuffle,,,
pilot,13,history_dependent_relational_mode,autocorrelation_persistence,0.6206949109888398,0.8179116578339519,0.9984737913062534,-0.18056213347230143,P7_coarse_graining,D2_phase_randomization,,,
pilot,13,history_dependent_relational_mode,linear_CKA,0.023002635174320916,0.4068531737733951,1.0,-0.5931468262266049,P2_global_scaling,D2_phase_randomization,,,
pilot,13,history_dependent_relational_mode,VAR_ARX_predictive,0.03673391746550675,0.9445679652465346,0.9867888759861182,-0.04222091073958356,P2_global_scaling,D1_temporal_shuffle,,,
pilot,14,persistent_shared_mode,correlon_v1,0.3484451751590303,0.9999999999999997,1.0,-3.3306690738754696e-16,P4_orthogonal_basis_rotation,D6_common_driver_replacement,0.14782295340056834,0.8213476817947306,0.4840094485112201
pilot,14,persistent_shared_mode,pearson,0.20148743478693046,0.8363365171411298,0.8192171016828144,0.017119415458315412,P4_orthogonal_basis_rotation,D6_common_driver_replacement,,,
pilot,14,persistent_shared_mode,mutual_information,0.06145794742566013,0.9809216574806799,0.5693102182699883,0.41161143921069165,P5_observation_noise,D6_common_driver_replacement,,,
pilot,14,persistent_shared_mode,largest_covariance_eigenvalue,2.9117640159892586,0.9601062020643755,0.9359722793775759,0.02413392268679959,P7_coarse_graining,D6_common_driver_replacement,,,
pilot,14,persistent_shared_mode,pca_rank1_explained_variance,0.24264700133243822,0.98949307809346,0.9359722793775761,0.05352079871588389,P5_observation_noise,D6_common_driver_replacement,,,
pilot,14,persistent_shared_mode,spectral_coherence,0.22647335736449895,0.7380951814232263,1.0,-0.2619048185767737,P2_global_scaling,D6_common_driver_replacement,,,
pilot,14,persistent_shared_mode,autocorrelation_persistence,0.6763681895195486,0.8585907059190783,1.0,-0.14140929408092173,P7_coarse_graining,D5_source_swap,,,
pilot,14,persistent_shared_mode,linear_CKA,0.2150381421349754,0.7819512267306434,0.6752587544788945,0.10669247225174894,P2_global_scaling,D6_common_driver_replacement,,,
pilot,14,persistent_shared_mode,VAR_ARX_predictive,0.05084982532300991,0.9999999999999989,0.8585175723502265,0.14148242764977237,P4_orthogonal_basis_rotation,D6_common_driver_replacement,,,
pilot,14,direct_coupling_SCM,correlon_v1,0.0,0.0,1.0,-1.0,P1_node_permutation,D5_source_swap,-0.010484145379379403,0.2156553771282985,0.15312487023837812
pilot,14,direct_coupling_SCM,pearson,0.08791733273506892,0.987715330248967,0.8128653627950212,0.17484996745394576,P5_observation_noise,D6_common_driver_replacement,,,
pilot,14,direct_coupling_SCM,mutual_information,0.01927581119471078,0.9829110543258723,0.7119982460797971,0.2709128082460752,P5_observation_noise,D5_source_swap,,,
pilot,14,direct_coupling_SCM,largest_covariance_eigenvalue,1.782482655526184,0.890085445964221,0.9341529555313645,-0.04406750956714345,P7_coarse_graining,D6_common_driver_replacement,,,
pilot,14,direct_coupling_SCM,pca_rank1_explained_variance,0.14854022129384864,0.9985856007880102,0.9341529555313646,0.0644326452566456,P5_observation_noise,D6_common_driver_replacement,,,
pilot,14,direct_coupling_SCM,spectral_coherence,0.22150936860841294,0.6768015017528394,0.9068713868301091,-0.23006988507726978,P2_global_scaling,D6_common_driver_replacement,,,
pilot,14,direct_coupling_SCM,autocorrelation_persistence,0.6186719836602178,0.8173643870787216,0.9981780659637906,-0.18081367888506894,P7_coarse_graining,D2_phase_randomization,,,
pilot,14,direct_coupling_SCM,linear_CKA,0.04454320926129431,0.7965917943966632,0.6734004640619394,0.12319133033472374,P2_global_scaling,D6_common_driver_replacement,,,
pilot,14,direct_coupling_SCM,VAR_ARX_predictive,0.05640664025244124,0.9906860821439163,0.6623158208964263,0.32837026124749,P2_global_scaling,D4_edge_cutting,,,
pilot,14,history_dependent_relational_mode,correlon_v1,0.0,0.0,1.0,-1.0,P1_node_permutation,D4_edge_cutting,0.005403497963105491,-0.11388017466554876,-0.06457278789049309
pilot,14,history_dependent_relational_mode,pearson,0.0553103684850063,0.9995269030759274,1.0,-0.0004730969240726024,P4_orthogonal_basis_rotation,D2_phase_randomization,,,
pilot,14,history_dependent_relational_mode,mutual_information,0.009021738959429926,0.9874523810693205,1.0,-0.01254761893067946,P5_observation_noise,D2_phase_randomization,,,
pilot,14,history_dependent_relational_mode,largest_covariance_eigenvalue,1.4091571551101836,0.860666337351494,1.0,-0.139333662648506,P7_coarse_graining,D2_phase_randomization,,,
pilot,14,history_dependent_relational_mode,pca_rank1_explained_variance,0.11742976292584872,0.9937870225458323,1.0,-0.006212977454167712,P5_observation_noise,D2_phase_randomization,,,
pilot,14,history_dependent_relational_mode,spectral_coherence,0.1407021859492743,0.8234345716645876,1.0,-0.17656542833541244,P2_global_scaling,D4_edge_cutting,,,
pilot,14,history_dependent_relational_mode,autocorrelation_persistence,0.6097712574798607,0.7911247030516683,0.9986182597469341,-0.2074935566952658,P7_coarse_graining,D2_phase_randomization,,,
pilot,14,history_dependent_relational_mode,linear_CKA,0.017814901648947137,0.9793941433745127,1.0,-0.020605856625487307,P2_global_scaling,D2_phase_randomization,,,
pilot,14,history_dependent_relational_mode,VAR_ARX_predictive,0.026671892355326077,1.0,1.0,0.0,P1_node_permutation,D1_temporal_shuffle,,,
pilot,15,persistent_shared_mode,correlon_v1,0.4334241760501588,0.931896003715367,1.0,-0.06810399628463304,P6_time_reparameterization,D6_common_driver_replacement,0.2299357274517329,0.8169957686292709,0.6196372737434662
pilot,15,persistent_shared_mode,pearson,0.2451851729475868,0.8395406241166835,0.7286231025410695,0.11091752157561396,P4_orthogonal_basis_rotation,D6_common_driver_replacement,,,
pilot,15,persistent_shared_mode,mutual_information,0.0913732846861941,0.96503353688362,0.45754221719163307,0.507491319691987,P5_observation_noise,D6_common_driver_replacement,,,
pilot,15,persistent_shared_mode,largest_covariance_eigenvalue,3.3748849501296014,0.652140570178326,0.8398453879476502,-0.18770481776932413,P2_global_scaling,D6_common_driver_replacement,,,
pilot,15,persistent_shared_mode,pca_rank1_explained_variance,0.2812404125108,0.9925128291249834,0.8398453879476503,0.1526674411773331,P5_observation_noise,D6_common_driver_replacement,,,
pilot,15,persistent_shared_mode,spectral_coherence,0.23298454418156733,0.7322327296027055,1.0,-0.26776727039729453,P2_global_scaling,D6_common_driver_replacement,,,
pilot,15,persistent_shared_mode,autocorrelation_persistence,0.7082666912019766,0.8767888460279121,0.9984150889658154,-0.12162624293790336,P7_coarse_graining,D2_phase_randomization,,,
pilot,15,persistent_shared_mode,linear_CKA,0.2992647800924953,0.7461226325137219,0.5637648937173227,0.18235773879639916,P2_global_scaling,D6_common_driver_replacement,,,
pilot,15,persistent_shared_mode,VAR_ARX_predictive,0.04897216666321419,0.9426328104274584,0.7787693233465518,0.1638634870809066,P2_global_scaling,D6_common_driver_replacement,,,
pilot,15,direct_coupling_SCM,correlon_v1,0.0,0.0,1.0,-1.0,P1_node_permutation,D6_common_driver_replacement,-0.0040970861574600725,-0.07640593530453918,-0.012340091029463263
pilot,15,direct_coupling_SCM,pearson,0.07239103553831609,0.9916796260264954,0.9822222027761485,0.00945742325034693,P5_observation_noise,D3_IAAFT_surrogate,,,
pilot,15,direct_coupling_SCM,mutual_information,0.014948272745345492,0.9792587725526394,1.0,-0.020741227447360622,P5_observation_noise,D3_IAAFT_surrogate,,,
pilot,15,direct_coupling_SCM,largest_covariance_eigenvalue,1.6341332065448748,0.7933727470697169,0.9752904466820133,-0.1819176996122963,P2_global_scaling,D8_block_shuffle,,,
pilot,15,direct_coupling_SCM,pca_rank1_explained_variance,0.13617776721207286,0.9956447415250527,0.9752904466820136,0.020354294843039078,P5_observation_noise,D8_block_shuffle,,,
pilot,15,direct_coupling_SCM,spectral_coherence,0.15674070688667846,0.7642330095234271,1.0,-0.2357669904765729,P2_global_scaling,D6_common_driver_replacement,,,
pilot,15,direct_coupling_SCM,autocorrelation_persistence,0.6158438067760166,0.7998838364615071,1.0,-0.20011616353849293,P7_coarse_graining,D5_source_swap,,,
pilot,15,direct_coupling_SCM,linear_CKA,0.03023957307672645,0.7457880646272811,0.984153666396157,-0.2383656017688759,P2_global_scaling,D3_IAAFT_surrogate,,,
pilot,15,direct_coupling_SCM,VAR_ARX_predictive,0.050554386334501766,0.9713867019099486,0.827094962111061,0.14429173979888754,P6_time_reparameterization,D2_phase_randomization,,,
pilot,15,history_dependent_relational_mode,correlon_v1,0.11082440389794831,0.27979324017203955,1.0,-0.7202067598279605,P7_coarse_graining,D1_temporal_shuffle,0.0399086578421142,0.3077539853112968,0.07557351862978356
pilot,15,history_dependent_relational_mode,pearson,0.06868891680357472,0.9925892030218562,1.0,-0.007410796978143841,P5_observation_noise,D2_phase_randomization,,,
pilot,15,history_dependent_relational_mode,mutual_information,0.0144971050974525,0.9906543392396725,1.0,-0.009345660760327501,P5_observation_noise,D2_phase_randomization,,,
pilot,15,history_dependent_relational_mode,largest_covariance_eigenvalue,1.4922117312492575,0.8334850562530257,1.0,-0.1665149437469743,P2_global_scaling,D2_phase_randomization,,,
pilot,15,history_dependent_relational_mode,pca_rank1_explained_variance,0.1243509776041048,0.9907169065999236,1.0,-0.009283093400076381,P5_observation_noise,D2_phase_randomization,,,
pilot,15,history_dependent_relational_mode,spectral_coherence,0.08537020276547243,0.9999999999999989,1.0,-1.1102230246251565e-15,P1_node_permutation,D1_temporal_shuffle,,,
pilot,15,history_dependent_relational_mode,autocorrelation_persistence,0.603125011303237,0.7890567439860124,0.9976147373121454,-0.208557993326133,P7_coarse_graining,D2_phase_randomization,,,
pilot,15,history_dependent_relational_mode,linear_CKA,0.027544924038963654,0.7622578235278493,1.0,-0.23774217647215068,P2_global_scaling,D2_phase_randomization,,,
pilot,15,history_dependent_relational_mode,VAR_ARX_predictive,0.036381965323127485,0.9013807371783035,1.0,-0.09861926282169653,P2_global_scaling,D2_phase_randomization,,,
pilot,16,persistent_shared_mode,correlon_v1,0.15461091016735298,0.2187508895429629,1.0,-0.7812491104570372,P6_time_reparameterization,D4_edge_cutting,0.06740116773673288,0.354660525113567,0.3278668657263677
pilot,16,persistent_shared_mode,pearson,0.15817123283246795,0.9464398802987761,0.782353081799481,0.16408679849929508,P4_orthogonal_basis_rotation,D6_common_driver_replacement,,,
pilot,16,persistent_shared_mode,mutual_information,0.051675395856328965,0.9642295805923887,0.5032770266218971,0.4609525539704916,P5_observation_noise,D6_common_driver_replacement,,,
pilot,16,persistent_shared_mode,largest_covariance_eigenvalue,2.355827410674273,0.9424289780464004,0.9544542698561501,-0.01202529180974976,P7_coarse_graining,D6_common_driver_replacement,,,
pilot,16,persistent_shared_mode,pca_rank1_explained_variance,0.1963189508895228,0.996459980869389,0.9544542698561498,0.042005711013239244,P5_observation_noise,D6_common_driver_replacement,,,
pilot,16,persistent_shared_mode,spectral_coherence,0.2144027516294826,0.5750027728458552,1.0,-0.4249972271541448,P2_global_scaling,D6_common_driver_replacement,,,
pilot,16,persistent_shared_mode,autocorrelation_persistence,0.6770719121363671,0.8671246198344879,1.0,-0.13287538016551215,P7_coarse_graining,D5_source_swap,,,
pilot,16,persistent_shared_mode,linear_CKA,0.1403840798520136,0.49206631906458925,0.612255814812769,-0.12018949574817978,P2_global_scaling,D6_common_driver_replacement,,,
pilot,16,persistent_shared_mode,VAR_ARX_predictive,0.04582822437835876,0.9773933833220667,0.905859916383169,0.07153346693889773,P6_time_reparameterization,D6_common_driver_replacement,,,
pilot,16,direct_coupling_SCM,correlon_v1,0.0,0.0,1.0,-1.0,P1_node_permutation,D6_common_driver_replacement,0.010885657875791308,-0.0022862562765466193,0.036686163459537124
pilot,16,direct_coupling_SCM,pearson,0.06930971226470987,0.9839972281310937,1.0,-0.016002771868906307,P5_observation_noise,D8_block_shuffle,,,
pilot,16,direct_coupling_SCM,mutual_information,0.012979404171130304,0.9681692300878821,1.0,-0.03183076991211786,P5_observation_noise,D8_block_shuffle,,,
pilot,16,direct_coupling_SCM,largest_covariance_eigenvalue,1.508956598305997,0.8685561362472192,1.0,-0.13144386375278083,P7_coarse_graining,D6_common_driver_replacement,,,
pilot,16,direct_coupling_SCM,pca_rank1_explained_variance,0.1257463831921664,0.9948301156099062,1.0,-0.005169884390093804,P5_observation_noise,D6_common_driver_replacement,,,
pilot,16,direct_coupling_SCM,spectral_coherence,0.11673898666450508,0.9102077433567788,1.0,-0.08979225664322121,P6_time_reparameterization,D1_temporal_shuffle,,,
pilot,16,direct_coupling_SCM,autocorrelation_persistence,0.6133794638416586,0.7917286527135893,1.0,-0.20827134728641072,P7_coarse_graining,D7_history_destruction,,,
pilot,16,direct_coupling_SCM,linear_CKA,0.028175207766512403,0.33553800920001997,1.0,-0.66446199079998,P2_global_scaling,D8_block_shuffle,,,
pilot,16,direct_coupling_SCM,VAR_ARX_predictive,0.04406195741352964,0.8585640845367066,0.8477815118817003,0.010782572655006373,P2_global_scaling,D6_common_driver_replacement,,,
pilot,16,history_dependent_relational_mode,correlon_v1,0.0,0.0,1.0,-1.0,P1_node_permutation,D1_temporal_shuffle,-0.006029546665893712,-0.10521394845309569,0.002802582258831149
pilot,16,history_dependent_relational_mode,pearson,0.06186106456739221,0.9924675228908814,1.0,-0.0075324771091186404,P4_orthogonal_basis_rotation,D2_phase_randomization,,,
pilot,16,history_dependent_relational_mode,mutual_information,0.011623684350781427,0.9999997924495736,1.0,-2.0755042640097088e-07,P2_global_scaling,D4_edge_cutting,,,
pilot,16,history_dependent_relational_mode,largest_covariance_eigenvalue,1.4407223222216001,0.8483820452228625,1.0,-0.15161795477713746,P7_coarse_graining,D7_history_destruction,,,
pilot,16,history_dependent_relational_mode,pca_rank1_explained_variance,0.12006019351846668,0.9999999999999998,1.0,-2.220446049250313e-16,P3_affine_offset,D7_history_destruction,,,
pilot,16,history_dependent_relational_mode,spectral_coherence,0.15279700430595683,0.9453727761758649,0.946304677116132,-0.0009319009402670719,P5_observation_noise,D6_common_driver_replacement,,,
pilot,16,history_dependent_relational_mode,autocorrelation_persistence,0.6011353537949445,0.7877905487354268,1.0,-0.21220945126457325,P7_coarse_graining,D5_source_swap,,,
pilot,16,history_dependent_relational_mode,linear_CKA,0.02239634621617803,1.0,1.0,0.0,P1_node_permutation,D2_phase_randomization,,,
pilot,16,history_dependent_relational_mode,VAR_ARX_predictive,0.035604231209374115,0.9888223833165589,0.993727452779381,-0.004905069462822098,P5_observation_noise,D5_source_swap,,,
pilot,17,persistent_shared_mode,correlon_v1,0.4063280288862274,0.9647922189562304,1.0,-0.03520778104376965,P6_time_reparameterization,D6_common_driver_replacement,0.21120315824825223,0.7817234762394143,0.5985983107230368
pilot,17,persistent_shared_mode,pearson,0.21887775824906783,0.9392397111588332,0.8241181656293981,0.1151215455294351,P4_orthogonal_basis_rotation,D6_common_driver_replacement,,,
pilot,17,persistent_shared_mode,mutual_information,0.07656419000221393,0.9832150260713386,0.56015291167022,0.4230621144011186,P5_observation_noise,D6_common_driver_replacement,,,
pilot,17,persistent_shared_mode,largest_covariance_eigenvalue,3.023651209690123,0.9417472882546969,0.9387221655478982,0.0030251227067986663,P6_time_reparameterization,D6_common_driver_replacement,,,
pilot,17,persistent_shared_mode,pca_rank1_explained_variance,0.2519709341408436,0.9939161115252511,0.9387221655478983,0.05519394597735272,P5_observation_noise,D6_common_driver_replacement,,,
pilot,17,persistent_shared_mode,spectral_coherence,0.21690427659016628,0.9896995456138961,1.0,-0.010300454386103941,P5_observation_noise,D6_common_driver_replacement,,,
pilot,17,persistent_shared_mode,autocorrelation_persistence,0.7089732767750262,0.887618078101457,0.9997917597296592,-0.11217368162820218,P7_coarse_graining,D2_phase_randomization,,,
pilot,17,persistent_shared_mode,linear_CKA,0.2513955030458357,0.988098619484293,0.6808535645503254,0.3072450549339676,P5_observation_noise,D6_common_driver_replacement,,,
pilot,17,persistent_shared_mode,VAR_ARX_predictive,0.04806549994514936,0.9968366642489247,0.8940373474213472,0.10279931682757748,P5_observation_noise,D6_common_driver_replacement,,,
pilot,17,direct_coupling_SCM,correlon_v1,0.08613457225234698,0.0,0.36389276264879944,-0.36389276264879944,P7_coarse_graining,D7_history_destruction,0.05037778562000292,0.1472705567699455,-0.003087039331634067
pilot,17,direct_coupling_SCM,pearson,0.0843756981264417,0.9605770884719047,0.8774571307500827,0.08311995772182201,P4_orthogonal_basis_rotation,D4_edge_cutting,,,
pilot,17,direct_coupling_SCM,mutual_information,0.01892927369045161,0.9999990015853741,0.8462491149394177,0.15374988664595646,P2_global_scaling,D4_edge_cutting,,,
pilot,17,direct_coupling_SCM,largest_covariance_eigenvalue,1.6427059180155863,0.858380599373258,1.0,-0.14161940062674205,P7_coarse_graining,D7_history_destruction,,,
pilot,17,direct_coupling_SCM,pca_rank1_explained_variance,0.13689215983463218,0.9974973043611799,1.0,-0.002502695638820107,P5_observation_noise,D7_history_destruction,,,
pilot,17,direct_coupling_SCM,spectral_coherence,0.19623388510971357,0.8414115768564525,0.8558942197521604,-0.014482642895707887,P2_global_scaling,D6_common_driver_replacement,,,
pilot,17,direct_coupling_SCM,autocorrelation_persistence,0.6222304840694082,0.8127021019221292,0.9994009340961899,-0.1866988321740607,P7_coarse_graining,D2_phase_randomization,,,
pilot,17,direct_coupling_SCM,linear_CKA,0.041340734424499447,0.7741202811085598,0.7848294671974121,-0.010709186088852296,P2_global_scaling,D4_edge_cutting,,,
pilot,17,direct_coupling_SCM,VAR_ARX_predictive,0.05447090742124305,0.9336598199051157,0.6348189035544372,0.29884091635067855,P6_time_reparameterization,D4_edge_cutting,,,
pilot,17,history_dependent_relational_mode,correlon_v1,0.0,0.0,1.0,-1.0,P1_node_permutation,D2_phase_randomization,-0.015466896559678978,-0.026304520925526972,0.0143189144193539
pilot,17,history_dependent_relational_mode,pearson,0.06279940033767922,0.9957033916185565,1.0,-0.004296608381443523,P4_orthogonal_basis_rotation,D2_phase_randomization,,,
pilot,17,history_dependent_relational_mode,mutual_information,0.011926557676977922,0.9910454894258734,1.0,-0.00895451057412655,P5_observation_noise,D3_IAAFT_surrogate,,,
pilot,17,history_dependent_relational_mode,largest_covariance_eigenvalue,1.3360711978357072,0.8751532575532387,1.0,-0.1248467424467613,P7_coarse_graining,D1_temporal_shuffle,,,
pilot,17,history_dependent_relational_mode,pca_rank1_explained_variance,0.11133926648630892,1.0,1.0,0.0,P1_node_permutation,D1_temporal_shuffle,,,
pilot,17,history_dependent_relational_mode,spectral_coherence,0.10556709486373854,0.9961675930250198,1.0,-0.003832406974980218,P5_observation_noise,D1_temporal_shuffle,,,
pilot,17,history_dependent_relational_mode,autocorrelation_persistence,0.6012008108854147,0.8126441175352594,1.0,-0.18735588246474055,P7_coarse_graining,D5_source_swap,,,
pilot,17,history_dependent_relational_mode,linear_CKA,0.02328141320337631,0.5352974666604244,1.0,-0.46470253333957556,P2_global_scaling,D2_phase_randomization,,,
pilot,17,history_dependent_relational_mode,VAR_ARX_predictive,0.029370064752761604,1.0,1.0,0.0,P1_node_permutation,D2_phase_randomization,,,
pilot,18,persistent_shared_mode,correlon_v1,0.35265491085621375,0.9970790525804482,1.0,-0.0029209474195518448,P2_global_scaling,D6_common_driver_replacement,0.21333030773784717,0.5829714843135729,0.5330731427721229
pilot,18,persistent_shared_mode,pearson,0.22494922021549746,0.8947961639312533,0.7616493110528507,0.13314685287840256,P4_orthogonal_basis_rotation,D6_common_driver_replacement,,,
pilot,18,persistent_shared_mode,mutual_information,0.07927737392538181,0.9793387257925622,0.47898300710919284,0.5003557186833694,P5_observation_noise,D6_common_driver_replacement,,,
pilot,18,persistent_shared_mode,largest_covariance_eigenvalue,3.1315900600403284,0.9193987395428579,0.8966554699035039,0.022743269639354025,P6_time_reparameterization,D6_common_driver_replacement,,,
pilot,18,persistent_shared_mode,pca_rank1_explained_variance,0.26096583833669396,0.9903399646125395,0.8966554699035041,0.09368449470903539,P5_observation_noise,D6_common_driver_replacement,,,
pilot,18,persistent_shared_mode,spectral_coherence,0.23807239730287305,0.7466010434035009,1.0,-0.25339895659649914,P2_global_scaling,D6_common_driver_replacement,,,
pilot,18,persistent_shared_mode,autocorrelation_persistence,0.6990384946026352,0.881492158595459,1.0,-0.11850784140454096,P7_coarse_graining,D5_source_swap,,,
pilot,18,persistent_shared_mode,linear_CKA,0.2629246633060907,0.8415300313298935,0.5865786197512527,0.25495141157864076,P2_global_scaling,D6_common_driver_replacement,,,
pilot,18,persistent_shared_mode,VAR_ARX_predictive,0.048825434296325854,0.9980610302468114,0.9233382647242693,0.07472276552254209,P5_observation_noise,D6_common_driver_replacement,,,
pilot,18,direct_coupling_SCM,correlon_v1,0.0,0.0,1.0,-1.0,P1_node_permutation,D1_temporal_shuffle,-0.01120443005330543,0.01287848879480126,0.03235675459297288
pilot,18,direct_coupling_SCM,pearson,0.07611088647709348,0.9905578129268849,0.8397547141821017,0.15080309874478326,P4_orthogonal_basis_rotation,D5_source_swap,,,
pilot,18,direct_coupling_SCM,mutual_information,0.01524100617216606,0.9882713982951441,0.7752033728921479,0.2130680254029962,P5_observation_noise,D7_history_destruction,,,
pilot,18,direct_coupling_SCM,largest_covariance_eigenvalue,1.700625322895323,0.8758949103621261,0.9491803308897243,-0.07328542052759823,P7_coarse_graining,D7_history_destruction,,,
pilot,18,direct_coupling_SCM,pca_rank1_explained_variance,0.14171877690794363,0.9894824083406191,0.9491803308897235,0.040302077450895535,P5_observation_noise,D7_history_destruction,,,
pilot,18,direct_coupling_SCM,spectral_coherence,0.1586340154995122,0.8439212907307776,1.0,-0.1560787092692224,P2_global_scaling,D2_phase_randomization,,,
pilot,18,direct_coupling_SCM,autocorrelation_persistence,0.6032618525272667,0.816331860435051,1.0,-0.18366813956494898,P7_coarse_graining,D5_source_swap,,,
pilot,18,direct_coupling_SCM,linear_CKA,0.03339877170923096,0.7946819003972558,0.7134669900423527,0.08121491035490314,P2_global_scaling,D6_common_driver_replacement,,,
pilot,18,direct_coupling_SCM,VAR_ARX_predictive,0.05589022144705241,0.9442914609639211,0.6892634057057456,0.2550280552581755,P5_observation_noise,D6_common_driver_replacement,,,
pilot,18,history_dependent_relational_mode,correlon_v1,0.05937124437121006,0.0,0.4011579340725428,-0.4011579340725428,P6_time_reparameterization,D7_history_destruction,0.028664915432642366,0.12297069797638012,0.028830844211975237
pilot,18,history_dependent_relational_mode,pearson,0.06714840463031767,0.9780979076348949,0.9297353215528272,0.04836258608206767,P5_observation_noise,D5_source_swap,,,
pilot,18,history_dependent_relational_mode,mutual_information,0.012353300534581724,0.9658478704374291,0.9871479850052559,-0.021300114567826767,P5_observation_noise,D5_source_swap,,,
pilot,18,history_dependent_relational_mode,largest_covariance_eigenvalue,1.6973955040091742,0.896919351358001,1.0,-0.10308064864199895,P7_coarse_graining,D7_history_destruction,,,
pilot,18,history_dependent_relational_mode,pca_rank1_explained_variance,0.14144962533409786,0.9840317015716865,1.0,-0.015968298428313488,P5_observation_noise,D7_history_destruction,,,
pilot,18,history_dependent_relational_mode,spectral_coherence,0.16528031031158733,0.6695030859130129,1.0,-0.3304969140869871,P2_global_scaling,D6_common_driver_replacement,,,
pilot,18,history_dependent_relational_mode,autocorrelation_persistence,0.6244724484724832,0.7961760547507105,0.9997940373385963,-0.20361798258788577,P7_coarse_graining,D5_source_swap,,,
pilot,18,history_dependent_relational_mode,linear_CKA,0.025676831044777727,0.8608866053571744,0.8711907477111637,-0.010304142353989243,P2_global_scaling,D5_source_swap,,,
pilot,18,history_dependent_relational_mode,VAR_ARX_predictive,0.032614249816157403,0.9706584722266471,1.0,-0.02934152777335286,P2_global_scaling,D6_common_driver_replacement,,,
pilot,19,persistent_shared_mode,correlon_v1,0.4916975773000503,0.9774563986655468,0.9591431487690784,0.01831324989646843,P6_time_reparameterization,D6_common_driver_replacement,0.3193702029621378,0.7570102197398829,0.5532215183545839
pilot,19,persistent_shared_mode,pearson,0.2670917510399606,0.8590539513075741,0.7308862887292631,0.12816766257831103,P4_orthogonal_basis_rotation,D6_common_driver_replacement,,,
pilot,19,persistent_shared_mode,mutual_information,0.09318848753316289,0.9910782165943024,0.46215521386721414,0.5289230027270883,P5_observation_noise,D6_common_driver_replacement,,,
pilot,19,persistent_shared_mode,largest_covariance_eigenvalue,3.62232132580783,0.9749682817198005,0.8424614252477547,0.13250685647204585,P7_coarse_graining,D6_common_driver_replacement,,,
pilot,19,persistent_shared_mode,pca_rank1_explained_variance,0.30186011048398587,0.9937437154995741,0.8424614252477544,0.15128229025181972,P5_observation_noise,D6_common_driver_replacement,,,
pilot,19,persistent_shared_mode,spectral_coherence,0.254475489006361,0.6330931578238654,1.0,-0.36690684217613456,P2_global_scaling,D6_common_driver_replacement,,,
pilot,19,persistent_shared_mode,autocorrelation_persistence,0.7280676731760359,0.9000292307314042,0.9983420844121528,-0.0983128536807486,P7_coarse_graining,D2_phase_randomization,,,
pilot,19,persistent_shared_mode,linear_CKA,0.34212862749478395,0.7567871010301482,0.567021295874325,0.1897658051558232,P2_global_scaling,D6_common_driver_replacement,,,
pilot,19,persistent_shared_mode,VAR_ARX_predictive,0.045009312931114986,0.9926675923270432,1.0,-0.007332407672956842,P2_global_scaling,D6_common_driver_replacement,,,
pilot,19,direct_coupling_SCM,correlon_v1,0.0,0.0,1.0,-1.0,P1_node_permutation,D6_common_driver_replacement,-0.015738662169612616,0.021986136595934055,-0.08765687892556051
pilot,19,direct_coupling_SCM,pearson,0.07081213557909104,0.9821068967512234,0.9431997015091811,0.038907195242042336,P4_orthogonal_basis_rotation,D6_common_driver_replacement,,,
pilot,19,direct_coupling_SCM,mutual_information,0.013932352869215014,0.9999997970977844,0.8262484432027166,0.1737513538950678,P2_global_scaling,D2_phase_randomization,,,
pilot,19,direct_coupling_SCM,largest_covariance_eigenvalue,1.5169836267444252,0.8758005652046704,1.0,-0.12419943479532958,P7_coarse_graining,D5_source_swap,,,
pilot,19,direct_coupling_SCM,pca_rank1_explained_variance,0.1264153022287021,1.0,1.0,0.0,P1_node_permutation,D5_source_swap,,,
pilot,19,direct_coupling_SCM,spectral_coherence,0.14986900565826922,0.9689240845811412,1.0,-0.03107591541885879,P6_time_reparameterization,D4_edge_cutting,,,
pilot,19,direct_coupling_SCM,autocorrelation_persistence,0.6033911663927208,0.8073674381643584,1.0,-0.1926325618356416,P7_coarse_graining,D5_source_swap,,,
pilot,19,direct_coupling_SCM,linear_CKA,0.029397394578128386,0.4202253536382117,0.8981241456878923,-0.47789879204968067,P2_global_scaling,D6_common_driver_replacement,,,
pilot,19,direct_coupling_SCM,VAR_ARX_predictive,0.052193670593599806,0.9492339415261324,0.6595161678872861,0.2897177736388463,P2_global_scaling,D6_common_driver_replacement,,,
pilot,19,history_dependent_relational_mode,correlon_v1,0.03863521514435692,0.0,0.7570177688864472,-0.7570177688864472,P6_time_reparameterization,D4_edge_cutting,0.01333036137635174,0.11197594777128718,0.025337300943076013
pilot,19,history_dependent_relational_mode,pearson,0.08292267609570377,0.9929583438899302,0.8024860409417108,0.19047230294821937,P4_orthogonal_basis_rotation,D6_common_driver_replacement,,,
pilot,19,history_dependent_relational_mode,mutual_information,0.018128236292461963,0.9908310593665444,0.7334135823608653,0.2574174770056791,P5_observation_noise,D4_edge_cutting,,,
pilot,19,history_dependent_relational_mode,largest_covariance_eigenvalue,1.8519892366169168,0.8930392414051029,0.9741048096592859,-0.08106556825418298,P7_coarse_graining,D8_block_shuffle,,,
pilot,19,history_dependent_relational_mode,pca_rank1_explained_variance,0.15433243638474317,0.9997712875153552,0.9741048096592859,0.025666477856069236,P5_observation_noise,D8_block_shuffle,,,
pilot,19,history_dependent_relational_mode,spectral_coherence,0.15564157270447757,0.9673319265393475,1.0,-0.03266807346065248,P2_global_scaling,D3_IAAFT_surrogate,,,
pilot,19,history_dependent_relational_mode,autocorrelation_persistence,0.6269728625788523,0.8572108453186974,0.9993129145058538,-0.1421020691871564,P7_coarse_graining,D2_phase_randomization,,,
pilot,19,history_dependent_relational_mode,linear_CKA,0.038770801089345046,0.7075140407672308,0.6692712530047484,0.038242787762482355,P2_global_scaling,D6_common_driver_replacement,,,
pilot,19,history_dependent_relational_mode,VAR_ARX_predictive,0.034193809347570325,0.9999999999999983,1.0,-1.6653345369377348e-15,P4_orthogonal_basis_rotation,D6_common_driver_replacement,,,
