trial,latent_rank,rho,frequency,strength,noise,drift,x_delay,y_delay,sample_length,correlon_score,threshold,crosses_threshold,running_max,direct_edge,T_iso,T_floor
0,2,0.10456218140458011,0.1296959984671664,0.8735370426149465,1.096896967886767,1.0683609289187204,2,0,300,0.07573524824185568,0.05106167951270389,True,0.07573524824185568,False,0.017444558732198495,0.3288032626281646
1,1,0.1354560435044645,0.433436559391951,1.104240141352871,1.3555427980914927,1.152725389247599,8,0,450,0.05269989957980163,0.05106167951270389,True,0.07573524824185568,False,0.02182619734737337,0.12724522607028485
2,2,0.7187273252148717,0.002311472471893111,1.2435100928330336,0.17482918821111612,0.4302889401675547,5,2,300,0.2687691498885488,0.05106167951270389,True,0.2687691498885488,False,0.1246343808880351,0.5795901212580095
3,2,0.05899822855037582,0.3584030036891393,0.9218446011804247,0.9613527988658699,0.6889165832351776,0,5,300,0.02993717825280983,0.05106167951270389,False,0.2687691498885488,False,0.004311181679252041,0.20788607588813102
4,1,0.6684545988994075,0.22390852901490574,0.2219826055091176,0.5794743044353383,1.0961644353079494,1,8,600,0.0,0.05106167951270389,False,0.2687691498885488,False,-0.006107101712008872,0.10811588557173865
5,1,0.582097985744003,0.371596302974393,0.34921405221829926,0.9803406820521335,1.4911280682424881,0,2,750,0.0,0.05106167951270389,False,0.2687691498885488,False,0.01821063932471037,-0.07046733642000388
6,1,0.5834545415094066,0.2741869126254758,2.654727693720699,0.3284107815220302,1.8782236335769746,1,1,750,0.6322086657590754,0.05106167951270389,True,0.6322086657590754,False,0.43100175355473436,0.9273461041965637
7,3,0.23391165160651525,0.18651603141519033,0.6319085163727881,1.060774286427171,0.6351044486534598,0,8,300,0.0,0.05106167951270389,False,0.6322086657590754,False,-0.01927781400076517,-0.08873549773000464
8,2,0.19574944513338488,0.385901990378532,1.3870946073601056,0.553133944108465,0.30455428123295203,8,1,600,0.007469998742292471,0.05106167951270389,False,0.6322086657590754,False,0.0027231878251313957,0.020491014499581447
9,2,0.24866776840082844,0.15995804148198545,1.436029808158128,1.334699473298648,1.010816016112303,5,3,600,0.0,0.05106167951270389,False,0.6322086657590754,False,-0.023464511916094555,-0.13454927094371005
10,2,0.010836140427465907,0.23728747090529792,0.9199204329544182,1.4570085323317723,0.7037064727794728,5,3,600,0.0,0.05106167951270389,False,0.6322086657590754,False,0.053256552356843075,-0.04725824420275816
11,1,0.2519764987027034,0.33772771828009346,0.3775037977677078,1.2265566560214536,1.3593492765299835,1,1,300,0.0,0.05106167951270389,False,0.6322086657590754,False,0.010937285075058228,-0.07980314851956263
12,2,0.2210441380921272,0.07999142182831294,1.8560657930610502,0.5571374174426178,1.5647456316510497,8,8,450,0.0,0.05106167951270389,False,0.6322086657590754,False,-0.040330650182214905,0.8207097265892033
13,1,0.018366923196538078,0.2733322928655818,0.4722394308135711,0.8963266573624518,0.19041700565131792,0,8,450,0.0,0.05106167951270389,False,0.6322086657590754,False,0.04208967675513159,-0.015008063882898215
14,2,0.06785030846857698,0.40320830116033307,0.7643747805906158,0.49010173151779846,0.2749228636533416,5,1,600,0.05961036863921624,0.05106167951270389,True,0.6322086657590754,False,0.03475714052383011,0.10223499389620339
15,1,0.48121546167180185,0.35400427418013775,2.2469542237942046,1.063250170700069,1.0942566702324876,5,8,300,0.0,0.05106167951270389,False,0.6322086657590754,False,-0.00048190709648852914,-0.1602096487020831
16,2,0.6283591958655372,0.016068739279193063,2.7529470192854752,0.15599552737669428,1.5747385377076064,0,0,750,0.0,0.05106167951270389,False,0.6322086657590754,False,-0.22308525831637824,0.4072045573605305
17,1,0.8018988106893058,0.027649087855648735,0.27698922586764446,0.6580463432483971,0.6145187318645109,8,5,750,0.0,0.05106167951270389,False,0.6322086657590754,False,-0.010962789564878908,0.06690760986763157
18,1,0.9753444845249946,0.27544775049182124,1.4704328665733934,0.8236245904300517,1.284697760642189,3,0,600,0.24984036925365055,0.05106167951270389,True,0.6322086657590754,False,0.09470094995070596,0.6591297145518774
19,2,0.6661228094731066,0.3676543034259737,1.8611702158241514,0.577018312533642,0.5707031562105911,1,5,300,0.02635034697576992,0.05106167951270389,False,0.6322086657590754,False,0.03147672406155244,0.022058864333711792
20,2,0.13981107068174295,0.01948605266426226,2.3758776666138486,0.38166385756173293,1.1130803623858847,0,8,300,0.19336456912864572,0.05106167951270389,True,0.6322086657590754,False,0.08017071790728908,0.466377969042826
21,1,0.6739442048376086,0.3681268000369206,0.85728705287758,0.22730617786952279,1.9731452718875357,5,3,300,0.37217982431936486,0.05106167951270389,True,0.6322086657590754,False,0.3003872320589919,0.46113085659776076
22,2,0.5937679406626564,0.13849813530031846,1.59289685254898,0.5833680266080051,1.949208993802439,0,0,600,0.0,0.05106167951270389,False,0.6322086657590754,False,-0.07550839333921563,-0.045491804993949156
23,2,0.4350086587185464,0.2415942143879908,0.9221312058719808,1.343463786712526,0.005255594068012792,0,3,750,0.0,0.05106167951270389,False,0.6322086657590754,False,-0.005199796535518775,-0.05881968031811096
24,2,0.08682072384068269,0.19793793376483762,1.0288594823145212,0.10451571295594289,0.8216252688092378,8,0,600,0.1275818452627842,0.05106167951270389,True,0.6322086657590754,False,0.03475601132701572,0.46832552468426825
25,1,0.19503814259309854,0.250600629996516,1.6746623296934116,1.081174838076332,1.2648120678484993,3,5,450,0.0,0.05106167951270389,False,0.6322086657590754,False,-0.021973758700480447,-0.10622695022436204
26,2,0.3881182537841304,0.14086325420548057,0.9520032321736112,0.9649474010649827,1.1254021530511746,0,0,300,0.05145019283067033,0.05106167951270389,True,0.6322086657590754,False,0.007516134719397147,0.3521919764798309
27,2,0.6712776018543848,0.400398759064624,2.6866471708540214,1.0528756428282229,0.3182169902963645,5,8,600,0.032649985372171474,0.05106167951270389,False,0.6322086657590754,False,0.015263375436268073,0.06984179543077895
28,3,0.23526641649568195,0.23341558959876643,0.7493107342792948,1.2150866330172592,1.82460166629563,1,8,450,0.0,0.05106167951270389,False,0.6322086657590754,False,-0.014721080361698571,-0.048733670081271045
29,3,0.8890958119813249,0.12291302183665966,1.037341841687362,0.6524851157265424,0.8511908063055822,0,2,450,0.0,0.05106167951270389,False,0.6322086657590754,False,-0.005892449021859314,-0.05249004398345462
30,2,0.9187374172467445,0.25469396771410796,0.7978732217095841,0.4509777080075619,1.6795816178730596,1,0,600,0.0,0.05106167951270389,False,0.6322086657590754,False,-0.018525566965802265,0.004595212685407014
31,1,0.7056831316807254,0.18747492431017057,1.4833277563940426,0.2779289708705923,0.33029051947612253,3,8,750,0.0,0.05106167951270389,False,0.6322086657590754,False,-0.013248450376227253,0.24360183473976332
32,2,0.9782306298639719,0.32574688109888283,0.9231312482244747,0.46709545262215413,1.064379749705596,3,1,600,0.0,0.05106167951270389,False,0.6322086657590754,False,-0.09307884695589447,-0.07243703482095228
33,2,0.45499829310827045,0.3643334481570949,2.3932028272572894,0.3966441876016028,1.8263581432758418,0,8,300,0.18400353542148204,0.05106167951270389,True,0.6322086657590754,False,0.06909272364124108,0.4900270138923189
34,1,0.6621429608568048,0.18054770141904564,0.7104975476917976,0.3544893462221207,1.0498843638209057,2,0,750,0.0,0.05106167951270389,False,0.6322086657590754,False,-0.002085196241004464,0.003142638155042919
35,2,0.005371459364505446,0.30480328725954503,2.9068205442487343,0.12003760208709242,0.05381854240649031,5,1,600,0.0,0.05106167951270389,False,0.6322086657590754,False,0.022352546116614316,-0.06677222153463014
36,2,0.7738863489312403,0.1979488604874143,1.5810315468680365,0.8751086426939082,0.7854835361165697,2,3,300,0.18313850056187223,0.05106167951270389,True,0.6322086657590754,False,0.04305545054396151,0.7789887218531217
37,3,0.05265732046026814,0.29165454931931695,0.48224696961500446,0.9516882571403836,1.7346672957950215,1,8,600,0.06762840584005747,0.05106167951270389,True,0.6322086657590754,False,0.02549618154534028,0.17938377432456734
38,3,0.06886681948732833,0.007748556166758147,1.2078955699734004,1.3958052282754847,0.4726952490201737,1,2,450,0.0,0.05106167951270389,False,0.6322086657590754,False,-0.01630192715726228,-0.042812112776739714
39,1,0.516539753691924,0.02657296530964104,2.3383624261284055,0.6280757114338301,0.43621257960359316,2,3,750,0.5629247298486184,0.05106167951270389,True,0.6322086657590754,False,0.3479083129716062,0.9108269036991994
40,3,0.1840763751720247,0.06651263966308103,0.36037710735198647,0.2004103378626676,0.321895340367256,8,1,600,0.0,0.05106167951270389,False,0.6322086657590754,False,-0.0054394719775217315,-0.022083823196874096
41,2,0.3124131064205452,0.4278625785245844,0.7011334700475411,1.4430312575443287,0.4923429398143371,3,1,600,0.0,0.05106167951270389,False,0.6322086657590754,False,-0.023702513422845045,0.15191691134469423
42,2,0.4203830930233286,0.2707365741724495,2.593168180232467,0.4448552762207374,0.9604794238637788,2,2,750,0.0,0.05106167951270389,False,0.6322086657590754,False,-0.05914095525666012,0.2591415960876015
43,1,0.10610728563670248,0.051233235384203185,1.8401128827989455,1.0575780261070633,0.28009006984682316,5,5,450,0.5588701541664489,0.05106167951270389,True,0.6322086657590754,False,0.3411895047933632,0.9154321713594104
44,3,0.5570551579184637,0.39495630413930355,0.6681986003070328,0.46439629692792483,0.17395689199518105,8,5,300,0.0,0.05106167951270389,False,0.6322086657590754,False,-0.03772716414089794,-0.25140763916931685
45,2,0.9598808152227624,0.2647214416728516,2.6032201912581363,0.5001334918202295,0.49751147673417684,3,1,750,0.0,0.05106167951270389,False,0.6322086657590754,False,-0.14568414672647895,0.29026773023968233
46,2,0.40787282553402726,0.4295309573021271,0.9873712237641987,1.3389128576268943,0.2233745541246881,1,1,300,0.08348895021316508,0.05106167951270389,True,0.6322086657590754,False,0.06828650603156798,0.10207587432389684
47,1,0.1544196858345893,0.33715137167242964,1.046555892430249,0.7824803227869149,0.7467583166218954,2,5,450,0.0,0.05106167951270389,False,0.6322086657590754,False,0.0367112641915848,-0.2170596575790676
48,3,0.7025854175088373,0.1747081663594349,2.791072456207406,0.12904864898841498,0.8924465595975812,1,5,600,0.040949165575992444,0.05106167951270389,False,0.6322086657590754,False,0.05166590340609678,0.03245533419187579
49,3,0.793625182435553,0.32394769568202014,2.760412945001834,1.3584635968716516,1.3817251565536801,1,0,750,0.0,0.05106167951270389,False,0.6322086657590754,False,-0.037978571166273595,0.11889073905021691
50,1,0.45281321275650316,0.2501812866607365,0.21945484511025157,1.3518718574761597,0.8379728882038842,2,1,450,0.0,0.05106167951270389,False,0.6322086657590754,False,-0.0016194627212911261,-0.055957028258254854
51,2,0.8648773368337365,0.05847214772347672,2.5431914128095934,0.3637736522162811,0.22137062707816124,1,0,300,0.0,0.05106167951270389,False,0.6322086657590754,False,-0.1095842854845516,0.31816494071954843
52,2,0.18459890712469368,0.3813806666237006,0.5990833185305248,0.9035483020286177,0.021842785253652908,1,1,300,0.015067379495068478,0.05106167951270389,False,0.6322086657590754,False,0.009100925439324059,0.02494536696976518
53,3,0.6276845777680236,0.25717971382940724,2.587535086437668,0.23042189806834354,0.87809599933219,2,3,300,0.11892985604997797,0.05106167951270389,True,0.6322086657590754,False,0.0479607526489812,0.2949142763373406
54,1,0.6151515434542644,0.055683224226806056,2.2789119933867372,1.2361238654223934,0.26484480098742136,8,5,750,0.051934529489692766,0.05106167951270389,True,0.6322086657590754,False,0.03639125420122763,0.07411658137423524
55,3,0.22423887706093862,0.09359459325033341,2.899130951939956,0.5278720598509941,0.4180177427460803,1,2,450,0.0,0.05106167951270389,False,0.6322086657590754,False,-0.0026504269484975557,-0.05303898128880702
56,2,0.5545946072766021,0.3172401959993147,1.7159147897400406,1.0032747161886768,0.778260727690212,1,5,600,0.0,0.05106167951270389,False,0.6322086657590754,False,-0.024543681469844994,-0.038089606487539326
57,3,0.8798771436962942,0.17741495986481529,2.666952240472821,0.15840551832641253,0.8371260553711122,2,5,300,0.09904701776784393,0.05106167951270389,True,0.6322086657590754,False,0.02017888973424581,0.4861670715239802
58,2,0.23950300035873,0.11735193354805552,0.9302006494673976,0.24246440598073551,1.0524925979838575,2,0,450,0.02884132344939548,0.05106167951270389,False,0.6322086657590754,False,0.04269817258140339,0.019481441195798116
59,1,0.1988844247235882,0.07685231499885872,2.969371640901885,0.6140985012501793,1.4214300245986595,0,0,300,0.6160939746010607,0.05106167951270389,True,0.6322086657590754,False,0.5349238996960602,0.7095809062848047
60,2,0.585979578749755,0.24911840100924165,2.7408162196013985,1.3701609169745064,0.4858152667570821,1,8,600,0.0,0.05106167951270389,False,0.6322086657590754,False,0.008798653615214938,-0.12967682341035988
61,2,0.10403509191319817,0.3853282683580101,1.1061483120834552,0.7276840371257668,0.5982217440340531,5,8,450,0.0,0.05106167951270389,False,0.6322086657590754,False,-0.015832889953257157,-0.016020973923628695
62,3,0.2983341793904236,0.11198842660941029,2.1344374263012122,1.1230468048061355,0.8255555327987398,3,5,750,0.11463456769117887,0.05106167951270389,True,0.6322086657590754,False,0.042063107532306826,0.31241353482146755
63,1,0.25300861412985626,0.23322283181044665,0.8950230749621302,1.0862025178489516,0.4744345142271251,2,1,450,0.0,0.05106167951270389,False,0.6322086657590754,False,0.023543555452562676,-0.08648856990907365
64,1,0.4535139595183951,0.29678665705300317,2.1851593736182546,1.0091644531089752,0.5347234018241547,8,3,300,0.0,0.05106167951270389,False,0.6322086657590754,False,-0.015536356942786989,-0.07083503768999763
65,2,0.4819479720149873,0.11252598489405628,2.746440420932518,0.5412284305085852,0.14479689033017906,3,1,300,0.0,0.05106167951270389,False,0.6322086657590754,False,0.040516028637926915,-0.17401197853950934
66,3,0.5319572081898695,0.06714777382797754,1.065671860740695,0.3738729549895726,1.6969972990946702,2,3,750,0.0,0.05106167951270389,False,0.6322086657590754,False,-0.026247749116472374,0.06493828987706365
67,1,0.9870804198010842,0.01401790441190332,1.4879946364073824,0.32107786420512785,1.5714638302689494,3,1,600,0.467385283396354,0.05106167951270389,True,0.6322086657590754,False,0.2537986077058488,0.8607178940424738
68,3,0.5721470497542319,0.17769086521738195,1.8664427083001836,0.7480107104760524,0.13715070552972652,5,5,300,0.0,0.05106167951270389,False,0.6322086657590754,False,-0.018577873928239202,0.5820236757282786
69,3,0.3449535959928434,0.0538601263840615,1.7091795783592407,1.1008439343457395,1.8708430966627076,5,2,300,0.08154804968223546,0.05106167951270389,True,0.6322086657590754,False,0.046585492131567235,0.14275011602743415
70,1,0.5941127013435957,0.314722050210302,2.367300423865641,0.5140218121348274,1.9139770233241629,5,3,600,0.03397463571169563,0.05106167951270389,False,0.6322086657590754,False,0.007349581279613715,0.15705328342230285
71,3,0.8061585669026708,0.28068841106199266,2.282670426388621,0.3440536708373776,0.9326999182764555,3,8,750,0.0,0.05106167951270389,False,0.6322086657590754,False,-0.0029989308517360397,0.41124800815928325
72,1,0.23454320749731133,0.29619675778766946,2.0326313893402808,1.3143758031382404,0.7486104758913572,2,5,450,0.0,0.05106167951270389,False,0.6322086657590754,False,-0.017145411640590275,0.1710053055007912
73,3,0.2386435064416757,0.03674199336948122,0.4715552672413716,0.13876549402687485,1.2721453715364899,1,1,750,0.0,0.05106167951270389,False,0.6322086657590754,False,-0.0904530203846495,0.17214702128595358
74,3,0.3334845945363154,0.31520901683859626,1.2471876183421589,0.9000714888402059,1.0802032028337385,5,3,300,0.0,0.05106167951270389,False,0.6322086657590754,False,-0.039204797672572705,-0.05418734924973606
75,3,0.7799399252035388,0.3810081192655935,2.1018563269222725,0.12502409290963837,1.8860775025549945,0,8,300,0.30826447756507935,0.05106167951270389,True,0.6322086657590754,False,0.1559791336527924,0.6092288494177702
76,1,0.43917784526271436,0.22267377384576437,2.444366177167,0.7677198189794548,0.3619092592127051,5,8,450,0.0,0.05106167951270389,False,0.6322086657590754,False,-0.049022540847127066,-0.20792826714111715
77,2,0.7214265809099911,0.3719123205934137,1.8493243744349899,0.9357703700155201,0.7300595474460982,5,3,600,0.0,0.05106167951270389,False,0.6322086657590754,False,0.005769650092515274,-0.005403392105488743
78,2,0.12327161611193473,0.3897497326199552,2.671963895154072,1.263272823357045,0.5056443771650418,5,2,300,0.05144224485201416,0.05106167951270389,True,0.6322086657590754,False,0.004996462161594856,0.5296356641615965
79,1,0.10286918033765588,0.41460867588387745,2.3196141820955933,0.15399999465084518,0.7623008420327873,3,0,750,0.05708982243299535,0.05106167951270389,True,0.6322086657590754,False,0.05060559714103821,0.06440488818553784
80,3,0.9039667428192402,0.2033122283446837,1.2830447673987,1.4540330465908622,0.9904092750657298,5,5,450,0.0,0.05106167951270389,False,0.6322086657590754,False,0.02371533854317047,-0.0662993133769113
81,3,0.3237345789931213,0.2610442622344151,0.6654626818165674,0.8986906335329532,1.8886001525554088,1,8,450,0.018389754224045582,0.05106167951270389,False,0.6322086657590754,False,0.014597599338541697,0.023167032645423108
82,2,0.3523745905111467,0.2035496202502231,0.49479588327671503,1.1101235731053611,0.5573138658062795,5,1,450,0.0,0.05106167951270389,False,0.6322086657590754,False,0.0034856885290615036,-0.0783921900101284
83,2,0.5638951296394049,0.2544162446391784,1.6620054889907625,1.086390016281759,1.6462201642426884,1,2,300,0.0,0.05106167951270389,False,0.6322086657590754,False,0.007229502489094902,-0.19475007305199785
84,3,0.09378524274837494,0.18246387124263816,1.1965332530040362,1.4762188876797329,1.467306695291148,5,8,600,0.0,0.05106167951270389,False,0.6322086657590754,False,0.015623205956065395,-0.0690545410575938
85,2,0.35364842943259067,0.11860131799642125,1.2291567839030444,1.1652278071751763,1.8165844653602239,3,0,750,0.0,0.05106167951270389,False,0.6322086657590754,False,-0.004874581696250116,-0.0031759343243963137
86,2,0.5674337657836988,0.2602435301022951,0.6457521743420545,0.9401570452267477,1.689766336297764,3,3,300,0.10349317337255788,0.05106167951270389,True,0.6322086657590754,False,0.02493285463069639,0.4295872692224959
87,3,0.38988752232378654,0.036331830826345425,0.47891509573196034,0.3011837130494086,0.5639226058504496,8,8,750,0.0,0.05106167951270389,False,0.6322086657590754,False,-0.008669945567355536,0.5324039413826259
88,2,0.7215177122747198,0.2843190908100562,1.7109086100343942,0.5475083337609925,0.6627913742785165,5,3,300,0.0,0.05106167951270389,False,0.6322086657590754,False,-0.05203515726485011,-0.00118234833713593
89,3,0.16688118567604615,0.3653741410764629,0.9887509832888095,0.5590340823388128,0.052350751494345094,8,8,450,0.0,0.05106167951270389,False,0.6322086657590754,False,-0.027974767123285144,0.47022154344038997
90,2,0.32899461171216676,0.41497246733772447,0.5158583518492543,0.946072772927096,1.5073995399324058,8,2,300,0.15300297346444836,0.05106167951270389,True,0.6322086657590754,False,0.10962751741868598,0.2135404544422574
91,1,0.09330384447626953,0.07623475685130011,1.647930090783832,0.12043305952345176,1.3863807912104642,5,5,450,0.0,0.05106167951270389,False,0.6322086657590754,False,-0.17611479583863904,0.7747688303209286
92,1,0.9130583070627445,0.24383727589236795,2.5584078017752208,0.9926359185591425,0.10685840336010188,2,2,600,0.687789290514915,0.05106167951270389,True,0.687789290514915,False,0.5010315229995413,0.9441603700201578
93,3,0.37486525090224454,0.3025370539071325,2.7885144525316745,0.21452392861347577,1.6598732498614612,0,5,300,0.19271007332225734,0.05106167951270389,True,0.687789290514915,False,0.07905643987746672,0.4697551827204772
94,1,0.54843584039302,0.2342329666894116,2.532749622684656,0.9482957650120647,1.0674700642970678,3,2,600,0.0,0.05106167951270389,False,0.687789290514915,False,0.0016057500997583712,-0.0254072596111857
95,1,0.3678938273336667,0.057533699209807415,1.8844634871398385,0.9801804859808778,0.599869328028958,0,1,450,0.3792485439933154,0.05106167951270389,True,0.687789290514915,False,0.17458480430099593,0.8238372102137712
96,1,0.18510390935813142,0.44613042547993614,1.4951242199860777,0.37585384594379434,0.8483364821266222,2,0,300,0.0,0.05106167951270389,False,0.687789290514915,False,0.035147128749795364,-0.021332792854076923
97,2,0.41154138345348273,0.381904080774107,2.3741921164174595,1.198895063625697,0.25281814425289606,2,3,750,0.07534449053821246,0.05106167951270389,True,0.687789290514915,False,0.03634462391746457,0.15619345153644404
98,3,0.21159984318193278,0.03692170780507977,0.9998002867483835,1.019123491280912,1.8398791050444765,5,5,600,0.0,0.05106167951270389,False,0.687789290514915,False,0.005622818889818679,-0.0737002374201707
99,3,0.7854129039240004,0.1804031396287786,2.0345061569137717,0.823920752123191,1.3291489663134937,8,0,450,0.0,0.05106167951270389,False,0.687789290514915,False,0.019673138486344804,-0.20283656739310585
100,2,0.9537458022591984,0.056346600214152213,1.421887706838493,0.28517363003593776,1.198176333367202,0,2,600,0.0,0.05106167951270389,False,0.687789290514915,False,-0.13732925622998787,0.5234887656740679
101,2,0.3430357940075763,0.3049717745197134,1.4082239424245646,0.31681303073385825,0.43217909889311623,8,2,300,0.0,0.05106167951270389,False,0.687789290514915,False,-0.00613368878593934,-0.20152985593811557
102,2,0.6483506128490881,0.18668837083282736,1.2889660290374414,1.201678258912784,0.3466458729136612,0,1,450,0.018283033410959045,0.05106167951270389,False,0.687789290514915,False,0.042411671298772366,0.007881540634215006
103,2,0.16931039845049237,0.11103398315177383,1.9451474048063848,0.8466856020000525,1.994083169542978,8,2,450,0.04912420168812045,0.05106167951270389,False,0.687789290514915,False,0.01403547476290505,0.17193484597137038
104,2,0.8094796634629976,0.11085453424592226,2.141923464986939,1.4859712020975573,0.724824599874055,2,8,300,0.07846943080035894,0.05106167951270389,True,0.687789290514915,False,0.08144680149970837,0.0756009009163407
105,3,0.4396756883163341,0.04149670121300288,0.7621811624140882,1.406229756296234,0.8807454300068982,2,0,450,0.0,0.05106167951270389,False,0.687789290514915,False,-0.008253744410187308,-0.02649046019410284
106,2,0.6589566818670484,0.4398682118893375,0.920934864161584,1.402881952624147,0.936138450584638,2,2,750,0.03355917167985607,0.05106167951270389,False,0.687789290514915,False,0.003579187440606618,0.31465745299083214
107,2,0.14906895161478947,0.39107873377292013,1.6229113414973284,0.29129974668910563,1.8561545559990653,3,8,600,0.2650659284202035,0.05106167951270389,True,0.687789290514915,False,0.11987223669256142,0.5861235958202853
108,2,0.3611856585216085,0.31282926134244454,2.676006755573678,1.3539301530666086,0.11482184982984678,1,2,600,0.0,0.05106167951270389,False,0.687789290514915,False,-0.0016027352363437442,0.10843515698507405
109,2,0.6975709197402596,0.3609174558487984,1.2639166469176266,1.1868624333382858,1.5095163817474926,2,3,600,0.016785919274818782,0.05106167951270389,False,0.687789290514915,False,0.0030254176645344716,0.09313328510101394
110,3,0.23575662094729502,0.12492320177208059,0.6683521675917526,0.9424870482612113,0.7650904931360936,3,0,600,0.0,0.05106167951270389,False,0.687789290514915,False,0.0001950804086135044,-0.10772689980298147
111,1,0.4697214917671248,0.28837796955135964,1.9032952672029755,1.4033145038301107,0.5931401703776791,0,8,600,0.0,0.05106167951270389,False,0.687789290514915,False,-0.0018961181594391308,-0.019757323190040345
112,3,0.7687019727096929,0.315229094926733,0.841859894669303,0.6034687904782415,0.12053601569996641,1,1,750,0.0,0.05106167951270389,False,0.687789290514915,False,-0.00658322261676314,0.2432714101131921
113,2,0.8696891985163437,0.11935323525815154,0.5388845290724779,0.5250637361249538,1.6838410979604095,5,1,600,0.15272082110648802,0.05106167951270389,True,0.687789290514915,False,0.04437498902131769,0.5256034922788435
114,2,0.33225858740245257,0.15295452351770164,1.4772107011546751,1.4593865371891956,0.7970645002062811,3,8,450,0.0,0.05106167951270389,False,0.687789290514915,False,-0.010367883198016986,-0.047174943564247486
115,1,0.1056402243432266,0.25683737408826135,1.106122704128167,0.9676590726446229,0.6536178431872934,8,1,750,0.0,0.05106167951270389,False,0.687789290514915,False,-0.022657460306185012,-0.04838377944744339
116,2,0.0558338300382233,0.25412955734948006,1.559515745915106,0.547562790959226,0.8660110507807008,8,2,300,0.12183754439472445,0.05106167951270389,True,0.687789290514915,False,0.1106308767181272,0.13417942318181192
117,3,0.18874378611626422,0.27973045888330256,1.4998464029562195,0.6328594056503049,1.917847518732385,3,1,450,0.08356950638449169,0.05106167951270389,True,0.687789290514915,False,0.046316688075378004,0.15078501264990546
118,2,0.28498566238554596,0.3234827785207383,2.456518757587934,1.3624608297596807,1.2575990764042473,2,8,300,0.0,0.05106167951270389,False,0.687789290514915,False,0.04761160022588276,-0.0841037084197588
119,2,0.5230348392797558,0.37112842654222405,2.800862837370503,1.4538594763610846,1.6404212009459243,3,1,300,0.0,0.05106167951270389,False,0.687789290514915,False,-0.0011460573800675666,-0.24591412330824194
120,3,0.5188770685693141,0.002308900903393468,1.7791499244811533,0.7322640313832999,1.7904074337589635,5,0,600,0.0,0.05106167951270389,False,0.687789290514915,False,-0.03320628517468266,0.2691273833663229
121,2,0.9499102785864292,0.35068767592581185,1.6858951128988147,0.8181494013101006,1.4902394240739192,3,8,450,0.0,0.05106167951270389,False,0.687789290514915,False,-0.05008115107475303,-0.024115392191740838
122,3,0.7692263168984002,0.3771799869760816,0.4740998767827017,0.32898409250835425,1.5316764298332812,2,1,300,0.004250352637646576,0.05106167951270389,False,0.687789290514915,False,0.009550150433639965,0.0018916453379325127
123,1,0.6683279005827328,0.2723520075060514,2.5853968059735606,1.4300330771666887,0.2732845837740765,3,5,750,0.10457468157221543,0.05106167951270389,True,0.687789290514915,False,0.05574211431753398,0.19618674605046904
124,3,0.8729981774038185,0.271805953586386,1.9590851460853176,0.6548453584548858,0.09988804680754049,8,3,600,0.05163564186554239,0.05106167951270389,True,0.687789290514915,False,0.01595434076278185,0.1671168712333345
125,2,0.16451201239811877,0.3004268565465923,2.430105205904985,0.11153944501847578,1.8987967722494064,8,3,750,0.4150904495998942,0.05106167951270389,True,0.687789290514915,False,0.22470047292277517,0.7667989261787546
126,3,0.34420725501154825,0.36456579550863494,1.5637086683489956,0.9858789407151309,0.824318863053604,3,5,750,0.0,0.05106167951270389,False,0.687789290514915,False,0.01214632056378076,-0.04320797351310608
127,3,0.7537303967713532,0.0009216277768997028,1.7704634447416119,0.5966408785472535,0.3017861269591582,8,8,750,0.0,0.05106167951270389,False,0.687789290514915,False,-0.10582650118809234,-0.08931234959332703
128,1,0.5607674246821308,0.011146215735793658,1.1282822444879628,0.9160847174488903,1.8638639282352074,3,2,750,0.384397775714329,0.05106167951270389,True,0.687789290514915,False,0.18658072491189226,0.7919448809296888
129,3,0.4572299531456442,0.007767049557866285,0.5885269698550896,1.1108532472073773,1.9045185235684343,0,5,450,0.0,0.05106167951270389,False,0.687789290514915,False,0.015119560314779373,-0.17115194236447231
130,3,0.9204428238379884,0.1711087276222015,0.7966119598881056,0.10284924808789422,0.6115565553138107,8,0,600,0.007686910625276399,0.05106167951270389,False,0.687789290514915,False,0.008773436169759091,0.006734943278513612
131,3,0.48826806058312333,0.0596314193573033,0.87845976032348,1.2451684689865057,0.047959693749958454,3,2,300,0.0,0.05106167951270389,False,0.687789290514915,False,0.009875008590884984,-0.12207532863560977
132,3,0.76307513522425,0.40409340466160737,1.0069083930893026,0.6075589071845676,1.8798009465542238,5,1,600,0.04985206421910362,0.05106167951270389,False,0.687789290514915,False,0.02243325235241947,0.11078323677117619
133,1,0.5713239322312583,0.39876524036095784,0.8157081981048131,0.40244738014019277,0.7639910972822652,5,0,300,0.0,0.05106167951270389,False,0.687789290514915,False,-0.04055450050874465,-0.0306249502795862
134,1,0.2962375817757926,0.27249140111899406,2.47895767845513,0.36692536519320507,1.4208834975156812,3,3,600,0.7171807632401254,0.05106167951270389,True,0.7171807632401254,False,0.5303239242352246,0.9698756244184641
135,2,0.27787639415637,0.17818677978995703,1.6666413241430227,1.2853551668771792,0.6138178476879985,0,3,300,0.0,0.05106167951270389,False,0.7171807632401254,False,-0.031722452894457784,-0.11892441970118145
136,3,0.25397409221476297,0.11841405066082507,2.5556293148000297,1.1056638988856315,1.5883135089524119,1,1,450,0.0,0.05106167951270389,False,0.7171807632401254,False,-0.06648361850734288,-0.07410360368494395
137,2,0.8748040576497149,0.2960903643598912,2.8131653111596746,0.8165879993254118,0.5501837953590607,2,8,300,0.0,0.05106167951270389,False,0.7171807632401254,False,-0.014826727715072707,-0.11147719518802968
138,1,0.49080623256485456,0.05776930583416965,0.7075829977209203,0.8912677132882156,1.7007781983457835,0,1,750,0.07268866181473838,0.05106167951270389,True,0.7171807632401254,False,0.04491665515155427,0.11763212417731807
139,1,0.19623527231786247,0.29310775877697126,2.604059374514364,0.17477817706342288,0.7140819218284047,2,2,300,0.5683163310760322,0.05106167951270389,True,0.7171807632401254,False,0.514562109035626,0.6276860392481023
140,1,0.28324807282199577,0.1603964378899759,0.8616612595110786,1.0485743761131534,0.3045426873494135,5,2,750,0.0,0.05106167951270389,False,0.7171807632401254,False,0.01526884339378691,-0.0021794410083418175
141,2,0.3815753086038127,0.34038008482472304,1.7958009193427418,0.8415050225208823,1.105894867292896,2,2,450,0.0,0.05106167951270389,False,0.7171807632401254,False,-0.01716307225263025,0.6854829834474719
142,1,0.07162216215143488,0.034269338339397985,2.7059258771772425,1.32755762119453,0.4421534258769817,0,5,450,0.0,0.05106167951270389,False,0.7171807632401254,False,-0.01992076359812811,0.027126556231870547
143,3,0.901424081639685,0.08656218850777013,2.089122482749109,0.2534294695624888,1.7307478134950203,3,2,600,0.0,0.05106167951270389,False,0.7171807632401254,False,-0.10767841279835766,0.060942256160904346
144,3,0.17196113505739233,0.06871566269746439,1.8212070455783298,0.5353723566880283,0.8076203059170948,1,0,600,0.05910648723518561,0.05106167951270389,True,0.7171807632401254,False,0.009648464416938202,0.3620863053762285
145,2,0.1268507419980889,0.022301345536763818,1.7977777604689444,0.8672588981935524,0.14229327615889087,3,5,450,0.0,0.05106167951270389,False,0.7171807632401254,False,0.004360595844507417,-0.11741473623319727
146,3,0.35360100975992564,0.3859227366321878,1.6310994143956037,0.6968267756346458,1.1359684934035728,0,3,600,0.0,0.05106167951270389,False,0.7171807632401254,False,-0.006747770252918617,-0.12669110474545087
147,2,0.09623399508572378,0.3990400465001276,2.3989597829634297,0.42462995713185836,1.4223826273797242,3,1,300,0.09753222429141806,0.05106167951270389,True,0.7171807632401254,False,0.03317462968184284,0.2867412497580307
148,2,0.6742419448778175,0.048053020215917897,2.1886937834074978,0.2832050569046907,1.3539911298876337,0,0,600,0.0,0.05106167951270389,False,0.7171807632401254,False,-0.1276675390825189,0.7921448682742209
149,2,0.17926534361991847,0.3933687099063371,0.3068036693246658,0.969380061011106,1.1956491310363941,8,5,750,0.016441684116460284,0.05106167951270389,False,0.7171807632401254,False,0.008074067405957785,0.03348113942992215
150,3,0.4481732792483614,0.037825128195788885,0.8530118267580749,1.239762326469475,0.9507170715732989,3,0,600,0.0,0.05106167951270389,False,0.7171807632401254,False,0.008655067728374294,-0.11825851408710147
151,3,0.5275723362454037,0.2134933162367407,1.8389770777477052,1.4937284467427472,0.20609291347366265,5,2,300,0.0,0.05106167951270389,False,0.7171807632401254,False,0.00718092518838051,-0.015853184095601935
152,3,0.732255785287847,0.09288753393730038,1.9613442657645472,1.1192541310594841,1.812581424755904,5,3,300,0.0,0.05106167951270389,False,0.7171807632401254,False,-0.0359969614611807,0.26205281438254946
153,3,0.5755284055111987,0.022581855593610263,1.5311663795606745,1.409154021556068,1.4578607612216543,3,1,750,0.0,0.05106167951270389,False,0.7171807632401254,False,-0.010359650168493814,0.19749673364399545
154,3,0.9633544153634347,0.04216069793397319,2.0162062696233214,1.2724369592474445,1.7335688709263293,5,5,750,0.0,0.05106167951270389,False,0.7171807632401254,False,-0.07426470251248041,0.14616678578531056
155,1,0.23167583153014928,0.2678780458928057,2.7930901455376635,0.8763751672323151,1.7442606890576489,3,8,600,0.0,0.05106167951270389,False,0.7171807632401254,False,0.00015920803606114808,-0.040678628717015296
156,1,0.814748665046212,0.1530474727137462,1.0811421136752797,0.580724873792498,1.5628797026634536,0,1,300,0.2002996665286452,0.05106167951270389,True,0.7171807632401254,False,0.077544233319633,0.5173815600976317
157,1,0.06616025358917497,0.2719457860086908,1.0972335365844994,0.9878929800221173,0.10978756830247671,2,1,300,0.0,0.05106167951270389,False,0.7171807632401254,False,0.00976232746703834,-0.09286267804268664
158,2,0.12477516628925504,0.14380323582087368,2.3963650411413524,0.1725405712810796,1.9858121958300627,2,0,750,0.2668357428911723,0.05106167951270389,True,0.7171807632401254,False,0.19047863185465663,0.37380210573232947
159,2,0.08898629539960358,0.285059422701177,0.6217545216326752,0.27219420855768794,1.2360371692092242,0,2,450,0.29142014223209034,0.05106167951270389,True,0.7171807632401254,False,0.15515734620297703,0.5473521001543289
160,2,0.0459914913766953,0.4160996113329635,2.733324869883321,1.0804276868372107,1.8913022304637752,5,8,750,0.0,0.05106167951270389,False,0.7171807632401254,False,0.006255698357724687,-0.06040567308219146
161,1,0.043504668552221334,0.17839905030763573,2.545018644994942,1.0535025306049217,0.7389226190658689,8,8,600,0.6649290862141433,0.05106167951270389,True,0.7171807632401254,False,0.4816918840457501,0.91787033233797
162,1,0.2069854501447122,0.01960732047661425,2.7867848051018735,1.4702067255990883,1.120362443252985,5,3,600,0.0,0.05106167951270389,False,0.7171807632401254,False,0.00025549811215179463,-0.02544905834744171
163,3,0.8309387896089835,0.397247975789493,2.9346934951324064,0.32079406895945706,1.5944883985036356,1,5,450,0.0,0.05106167951270389,False,0.7171807632401254,False,-0.02802254796761669,0.05109280114205486
164,3,0.026333928441990253,0.06047056207521039,2.539895904149911,0.3856622524780223,0.5905309331549822,5,8,600,0.05443699486499606,0.05106167951270389,True,0.7171807632401254,False,0.013061316416786845,0.2268826751737645
165,1,0.3036379378705504,0.2265112923019107,1.6893367811226483,0.6058992679375503,1.9915576886894504,2,1,750,0.03127670381189035,0.05106167951270389,False,0.7171807632401254,False,0.02516592648679053,0.038871296943912864
166,2,0.9287831946115156,0.07882109454266038,1.746067724889698,0.8347504530903488,1.5384981736360277,2,2,750,0.0,0.05106167951270389,False,0.7171807632401254,False,-0.07187476360439432,-0.01149665509167945
167,1,0.4040287441065501,0.43133823693083684,1.1903889332222009,0.7492683666606764,1.459804095808152,3,1,750,0.0,0.05106167951270389,False,0.7171807632401254,False,-0.0009499416040039399,0.027432367772843955
168,1,0.3173278538135536,0.05156827749208801,2.4396845084992353,1.0737022298474697,0.14782459783942237,2,0,750,0.0,0.05106167951270389,False,0.7171807632401254,False,0.003485893046070207,-0.027128010594010835
169,2,0.9606557672295558,0.24175318893151607,0.87773439199978,0.6925115754271478,1.9154873870113183,0,5,450,0.0,0.05106167951270389,False,0.7171807632401254,False,-0.05352090999191117,-0.0765133319266489
170,2,0.023931840444126426,0.036827271797496564,1.1637204744882947,1.0087254108100032,0.1385483115198447,8,0,750,0.022381591790002025,0.05106167951270389,False,0.7171807632401254,False,0.007739530854814228,0.06472429149147826
171,2,0.12939489189867417,0.15494318698119147,1.4411350827783485,1.0859087849257336,0.3299238844100454,2,8,450,0.0,0.05106167951270389,False,0.7171807632401254,False,0.016140570919891947,-0.2305394930335763
172,1,0.5766696887842978,0.1980818090122635,0.6188828460702096,1.4264892836473861,1.7945875030410905,2,0,750,0.030239256789513308,0.05106167951270389,False,0.7171807632401254,False,0.019947341163727247,0.045841330113956136
173,2,0.2568431303794091,0.23566664837810739,2.5289609205437147,1.1338028942103142,1.4394209167409686,2,3,600,0.0,0.05106167951270389,False,0.7171807632401254,False,-0.016990568923876764,0.001281315731628832
174,1,0.8049576057075376,0.1066027531259887,1.5597230328374097,0.8210308504285209,1.3225529732521155,0,3,300,0.0,0.05106167951270389,False,0.7171807632401254,False,0.011236831198428276,-0.1523110902215416
175,3,0.3318687441395002,0.33935729566008976,2.3507303482415267,1.4882800884721565,1.8653913906324113,8,0,750,0.08498292910814073,0.05106167951270389,True,0.7171807632401254,False,0.02469420010632649,0.2924613151550926
176,3,0.7098374131913281,0.34030635815923616,1.3768338982768256,1.0245589709934586,1.3284816196038691,0,2,600,0.04239499599983737,0.05106167951270389,False,0.7171807632401254,False,0.005952311052728421,0.3019559411301874
177,3,0.03082745872964536,0.4452829930292772,0.6853767279793008,0.3368596365862653,0.64179338318555,1,5,300,0.0,0.05106167951270389,False,0.7171807632401254,False,-0.00571150896815506,0.07770351125293332
178,2,0.905010099936524,0.25365671686024155,0.8863238871573733,0.46864892253516455,1.105985939992875,0,0,450,0.0,0.05106167951270389,False,0.7171807632401254,False,-0.028685317360348572,0.0838189413107931
179,2,0.9407488998712775,0.4314340482446717,1.3645576766609873,0.5187574762968122,0.40504218741573705,5,0,600,0.0,0.05106167951270389,False,0.7171807632401254,False,-0.006284420688835141,0.4534627275651594
180,3,0.35088106538460073,0.4217517054625308,1.3367821980201777,0.29346985401013453,1.1276314478353362,0,8,450,0.0,0.05106167951270389,False,0.7171807632401254,False,-0.020758506049467607,0.2568311914511701
181,2,0.47391820282816083,0.08829069437979518,1.8704964551950036,0.9477663955173318,0.534260099138899,1,2,750,0.07292573184066485,0.05106167951270389,True,0.7171807632401254,False,0.01905511205858805,0.2790937333847736
182,3,0.8876077444915742,0.3540720179661801,1.644785144535106,1.3885506409038468,1.9447420669753754,2,2,600,0.0,0.05106167951270389,False,0.7171807632401254,False,-0.03532768899980579,0.15580463362214203
183,2,0.8593216477930513,0.2649564831865944,0.655623924509976,0.590200350208423,0.004322756798525118,2,1,600,0.0,0.05106167951270389,False,0.7171807632401254,False,-0.031577155907905066,-0.3107578222030908
184,3,0.7440332037577301,0.016922714325370753,1.8942695575776314,0.6715346721369189,1.7083002224611818,3,8,450,0.0,0.05106167951270389,False,0.7171807632401254,False,-0.023913118392353744,0.06800915221714593
185,1,0.8589863436830385,0.1831545259689367,2.7960690862681385,0.23603536183845228,1.2460503417062572,5,0,300,0.20275486146475463,0.05106167951270389,True,0.7171807632401254,False,0.053533072210207075,0.7679277902483906
186,1,0.9183288410276427,0.2865069589299686,0.6336360072758513,1.3051671290850921,0.18666962591803915,3,8,600,0.0,0.05106167951270389,False,0.7171807632401254,False,-0.023019124260013762,-0.014611080621183298
187,1,0.7476127506875119,0.021538461907421824,0.655777611700685,1.2063577091371975,0.7315661839254217,3,3,600,0.045448714255718524,0.05106167951270389,False,0.7171807632401254,False,0.02061876382066659,0.10017989659630203
188,1,0.6454725641711598,0.4389566234902417,1.5965839085818938,0.8526846242210507,0.31564354086899904,0,8,600,0.01651323714402993,0.05106167951270389,False,0.7171807632401254,False,0.011600206235071173,0.02350708215432833
189,1,0.2851875335193045,0.32348104491226004,0.7541012469019985,0.2538218392314776,1.9818464679838375,1,5,300,0.4028825655557496,0.05106167951270389,True,0.7171807632401254,False,0.24176203691470521,0.671380683668082
190,1,0.974157488513066,0.28037470889083316,0.3616285777280398,0.7810425394428195,1.0445859821418215,2,0,450,0.0,0.05106167951270389,False,0.7171807632401254,False,-0.03487736518673934,0.055369030735131365
191,2,0.5165883505093214,0.20659424832165627,0.8228092307685113,1.1563242522601953,1.5354582893354722,1,8,450,0.0,0.05106167951270389,False,0.7171807632401254,False,0.0016882483375213891,-0.20312686291070334
192,2,0.3170340423325184,0.4469778750966851,0.4414248343368975,0.46806806202265394,1.6271101163167263,8,5,600,0.045197714084587115,0.05106167951270389,False,0.7171807632401254,False,0.02192309369382152,0.09318180120937067
193,3,0.8884982213486221,0.3554054694507217,1.1910217570684336,0.7601797414512078,1.1886622500835495,8,0,450,0.07670480802655054,0.05106167951270389,True,0.7171807632401254,False,0.02623134852362173,0.22429756400406464
194,3,0.2909816585094289,0.1205634182913255,2.2349308948051085,1.3107034892036267,1.974701725298483,8,8,300,0.0,0.05106167951270389,False,0.7171807632401254,False,-0.041597989079859385,-0.07249611657610941
195,3,0.6641286355066545,0.39811088105970566,1.5866765883318257,0.5882227059434805,1.1433248499284945,5,2,300,0.04332357667678621,0.05106167951270389,False,0.7171807632401254,False,0.031073484832075365,0.060403019043809514
196,2,0.36740452418087194,0.38368161433721687,0.9486119230176431,0.2224305207677739,1.5667000867829934,1,0,600,0.0,0.05106167951270389,False,0.7171807632401254,False,-0.08128304847579038,-0.06447720097161025
197,1,0.8660355120819802,0.3715974446191954,1.3896056642067645,0.5069660532906349,0.12349211513862568,1,5,600,0.3566411468836317,0.05106167951270389,True,0.7171807632401254,False,0.18270172048169286,0.6961779413742148
198,1,0.23903499142536438,0.311361725251064,2.1117693603591743,0.6803991361561247,1.3630722815913323,8,2,450,0.0,0.05106167951270389,False,0.7171807632401254,False,0.027930437581116574,-0.056050067414447305
199,2,0.8771959670780669,0.06347950246155117,2.390404483063048,1.2965416558278267,1.445059718958071,5,0,750,0.0,0.05106167951270389,False,0.7171807632401254,False,0.002825015032466738,-0.03384566732091092
200,3,0.6471382105703484,0.3142499694620816,0.5818953902507273,0.208555929875469,0.8523617926818736,2,1,300,0.04936761044374689,0.05106167951270389,False,0.7171807632401254,False,0.02617799853535288,0.0930995911560698
201,2,0.7322920922233292,0.11941672531781786,0.6000557709375214,0.27179584932733736,1.3005425821807362,0,0,750,0.0,0.05106167951270389,False,0.7171807632401254,False,-0.062144817027019794,0.7432118009594912
202,2,0.4302987617198708,0.31546171821777413,2.935771690951834,0.3956421974898222,0.34424747950051304,3,2,450,0.0,0.05106167951270389,False,0.7171807632401254,False,-0.02931478197818599,-0.05725075873941107
203,2,0.1178695428684166,0.34566774631191516,0.22824858420038324,1.457622689849181,0.5849824152562599,5,5,600,0.0,0.05106167951270389,False,0.7171807632401254,False,-0.003017601874201317,0.08074549183958663
204,3,0.9791170076042606,0.07240122838103513,0.8731227509872392,0.5093150281947267,1.8037870929517927,5,5,450,0.0,0.05106167951270389,False,0.7171807632401254,False,-0.07928820272923753,0.035002350445790364
205,3,0.011504934541550833,0.42606023967298406,0.6928215497480434,1.256674323946461,0.6366547534252578,5,2,600,0.0,0.05106167951270389,False,0.7171807632401254,False,-0.0002510718817559793,0.28297382623811296
206,1,0.070144868311365,0.28120741434753577,1.8403143364145085,0.8593085186056125,0.5156076173248678,1,3,600,0.0,0.05106167951270389,False,0.7171807632401254,False,-0.008005335949396133,-0.12262846069070055
207,3,0.7616880977301971,0.43994885239533255,1.474981653638825,1.31137781260967,1.4315603330789353,0,3,600,0.03851408080155345,0.05106167951270389,False,0.7171807632401254,False,0.009825993253796794,0.15096025222848825
208,2,0.3645883226683987,0.3741445719858523,1.5160842553182496,1.031653408395682,0.9885896177465214,8,8,450,0.0,0.05106167951270389,False,0.7171807632401254,False,-0.021635914595718897,0.19543510025253907
209,2,0.3892763597362336,0.11135035828016994,0.7862831289981123,0.4424817373564296,1.2692539847343702,3,3,750,0.0,0.05106167951270389,False,0.7171807632401254,False,-0.006954220415619716,0.6816839325442696
210,1,0.852050436421868,0.133464245023167,2.115147457479045,0.1253107671104721,1.08941115587888,3,3,600,0.46222144168140333,0.05106167951270389,True,0.7171807632401254,False,0.23068891828164262,0.9261331785742579
211,1,0.6522834706534859,0.003941222112636822,1.5395414573392985,0.21482769353510153,0.5563333882022081,5,0,600,0.09382752770862082,0.05106167951270389,True,0.7171807632401254,False,0.05406544551683355,0.16283237605377654
212,2,0.7888339474222554,0.09846858682753012,1.8916731721995312,0.5372667576109064,0.9463292450142275,3,3,750,0.0,0.05106167951270389,False,0.7171807632401254,False,-0.0202559352170492,0.8569498463708771
213,1,0.741626168664319,0.14472175154548342,0.5639622022629924,0.8440127699094228,1.4955524241516358,0,5,300,0.0015468946051460147,0.05106167951270389,False,0.7171807632401254,False,0.06291290097367104,3.803485266767881e-05
214,2,0.3123613720563456,0.39234706001533837,0.45380627371161214,1.0092151209236344,0.3421600108979117,8,1,600,0.006262643427140851,0.05106167951270389,False,0.7171807632401254,False,0.009742446161222856,0.004025755138541878
215,1,0.897875187754882,0.3755335843190252,2.3213828477194656,0.5310252105368721,0.42428090901595517,8,8,600,0.7224829465807626,0.05106167951270389,True,0.7224829465807626,False,0.6047324082496064,0.8631612941183244
216,3,0.15723955484353216,0.0714162847480309,1.8085268517588275,0.8900054988183275,0.4404930034789618,5,8,750,0.021863073347391498,0.05106167951270389,False,0.7224829465807626,False,0.023561059457351097,0.02028745681231603
217,3,0.8822297891606046,0.010013902364888512,0.9960925837654968,1.3523259080830068,1.2073429401552696,8,3,300,0.0,0.05106167951270389,False,0.7224829465807626,False,0.054866927116648784,-0.054540223928218445
218,1,0.83162184173865,0.19666607844816794,2.4606381186839155,0.12468908441246898,0.47466527855792107,0,1,300,0.0,0.05106167951270389,False,0.7224829465807626,False,-0.026925499885103454,-0.10451690631353627
219,2,0.687340690790475,0.1485314409060732,1.0049943930199552,0.14347789693316826,0.06309719715189899,3,3,300,0.0,0.05106167951270389,False,0.7224829465807626,False,-0.06110299756233675,0.08256851563912986
220,3,0.6783227817690942,0.19757455049375497,1.871995447654001,0.10062973845514722,1.7113962473950453,0,8,750,0.11653033686235743,0.05106167951270389,True,0.7224829465807626,False,0.07340902985228681,0.1849815947245008
221,3,0.047579622680301886,0.026099382171787734,1.3802388123128884,0.5779960675716678,0.4867965959339291,8,2,600,0.0,0.05106167951270389,False,0.7224829465807626,False,-0.015639857617998437,-0.0537032989630325
222,3,0.09344557253330422,0.18291394623491175,2.7404109684124305,1.2619994239044918,1.0452552404024797,0,2,750,0.0,0.05106167951270389,False,0.7224829465807626,False,-0.007964984952294057,-0.05476744536559403
223,3,0.7157373156895654,0.16814019096728805,2.613115180279481,1.1911737113327008,0.21210328808759527,0,2,300,0.0,0.05106167951270389,False,0.7224829465807626,False,-0.0035457997286440918,-0.05996417094176276
224,1,0.6946681798227836,0.14397116676133215,1.0485608399368809,0.8851758922913381,1.402338608619547,2,5,750,0.0,0.05106167951270389,False,0.7224829465807626,False,-0.00538212374559402,0.10470103132134431
225,3,0.22866684864852269,0.196921258281739,1.5768757653365715,1.1840585657277467,1.8317660492514993,3,5,750,0.0,0.05106167951270389,False,0.7224829465807626,False,-0.018229535489272752,-0.0480075882448559
226,3,0.5539840973533275,0.216632461601701,2.9199523332283186,0.6623745014415855,0.7758902134454513,2,5,300,0.0,0.05106167951270389,False,0.7224829465807626,False,0.011446940457475407,-0.1049658477051506
227,3,0.6900915126145265,0.3164349410847566,0.20226523498356933,1.1235116508362812,1.7051257548146321,3,5,450,0.02108544229804053,0.05106167951270389,False,0.7224829465807626,False,0.009289423994672391,0.04786043538964077
228,2,0.9840793397203161,0.03781398660409599,2.873837094986652,1.2985536875764638,0.6563725596439134,0,0,750,0.0,0.05106167951270389,False,0.7224829465807626,False,-0.028384186033699965,0.5293482826017206
229,1,0.002520563375395883,0.32715153631701976,1.2446813945186894,0.8321200272836303,0.9411948569609827,3,0,750,0.0,0.05106167951270389,False,0.7224829465807626,False,0.0032229434595572315,-0.04716621811074451
230,3,0.022980987203746386,0.04995286204075888,2.7133819003109587,0.33999685520644296,1.9429266613380967,3,8,600,0.0,0.05106167951270389,False,0.7224829465807626,False,-0.007677583190061607,-0.07036598595127103
231,3,0.206652276556142,0.35800177970865343,0.9237739896675072,0.29065524499905515,0.12940116265673418,1,3,750,0.02393427080510569,0.05106167951270389,False,0.7224829465807626,False,0.008278289324841565,0.06919899709872707
232,3,0.4457349624079108,0.12593634399605824,2.1203036107575612,0.45615918612328443,0.01018122351785089,8,5,600,0.0,0.05106167951270389,False,0.7224829465807626,False,-0.019213258486943663,0.019248811863676066
233,2,0.7622960541473449,0.15413672107388343,1.1823190060420434,1.11445980187841,0.23949941680537434,5,8,450,0.050060225698896725,0.05106167951270389,False,0.7224829465807626,False,0.020785169544745075,0.12056799400311152
234,1,0.4880879292334798,0.2567654478533356,2.331113188010315,0.5018037245088601,0.5156070546023057,3,0,750,0.0,0.05106167951270389,False,0.7224829465807626,False,-0.010966995309264968,-0.025794211098377224
235,2,0.24021091797813884,0.04659192271063857,1.79109393339343,0.5778890544374173,1.7823136723072461,3,1,300,0.07665679613854244,0.05106167951270389,True,0.7224829465807626,False,0.024904563794496626,0.23595130766853997
236,2,0.5059106715083287,0.1992779633153367,1.8536493604556064,0.7692155623329665,0.09133650103886759,8,3,600,0.0,0.05106167951270389,False,0.7224829465807626,False,-0.011812016580785303,0.013520489552814208
237,1,0.6888807112255048,0.005185880467247506,2.965051405536245,1.23202249123553,1.5302870955212264,2,0,600,0.465679390042424,0.05106167951270389,True,0.7224829465807626,False,0.2556902747079931,0.8481249220680855
238,3,0.7714339084158134,0.1050179374472722,0.8005971425982439,0.36248856984887146,1.0185254852572263,3,5,600,0.060439135179756735,0.05106167951270389,True,0.7224829465807626,False,0.03490158708955435,0.10466254878048732
239,2,0.9377326068756288,0.4264729638086661,1.4293283397556962,0.6343749708399303,0.5630709707114165,1,8,300,0.22155345707880597,0.05106167951270389,True,0.7224829465807626,False,0.09533667528507991,0.5148693742129291
240,2,0.8426324912258665,0.24518661126338986,1.8442072143178898,0.10797215311321862,0.998047117446442,8,8,450,0.0,0.05106167951270389,False,0.7224829465807626,False,-0.20002040872613028,0.2536949407929047
241,1,0.7545094013735769,0.3604020748483214,1.5361069460504237,1.46859679244073,0.24702159892212427,8,5,600,0.0,0.05106167951270389,False,0.7224829465807626,False,-0.00676205691401105,0.36929710896085877
242,1,0.36605409987393267,0.28956546230628116,1.5712210036236343,0.4557399012627553,0.2776871396348257,2,8,300,0.0,0.05106167951270389,False,0.7224829465807626,False,-0.01666402899711343,0.1201103850568348
243,3,0.10969119441623057,0.07558287942590959,1.1265652751371817,1.1837646763023957,1.1824120015927886,2,8,750,0.0,0.05106167951270389,False,0.7224829465807626,False,-0.02067144403844924,-0.10687730551633823
244,3,0.10286084633409402,0.3690682613978193,2.0428087110517823,1.4334591601443625,0.22212498915823975,1,1,750,0.0,0.05106167951270389,False,0.7224829465807626,False,-0.00939526657204555,0.24254211546131646
245,3,0.3113263417333445,0.0818077674644087,0.5330744254856852,1.0390369217015336,0.11284900494887062,1,3,450,0.028134117603277692,0.05106167951270389,False,0.7224829465807626,False,0.005946417495068648,0.13311015817027186
246,3,0.5380750357314209,0.02158665007804817,2.7017163333481387,0.38749386828250454,0.7948711180870418,5,3,300,0.0,0.05106167951270389,False,0.7224829465807626,False,-0.026884149456853607,0.08195251278752852
247,2,0.8562172492400697,0.1414330768877104,0.4455056652349651,0.9217936490145326,0.946420086392906,1,0,450,0.0,0.05106167951270389,False,0.7224829465807626,False,-0.022384979655515932,0.18359034842629535
248,2,0.49234562196388315,0.4080862136373429,2.4240965691538388,0.9645638495144188,0.8747340030277377,1,8,450,0.06618722392461955,0.05106167951270389,True,0.7224829465807626,False,0.026136482712962136,0.1676104875685947
249,1,0.6224225037170102,0.36329314910870747,0.2076813597948068,1.2922493781834157,1.6788745801995917,3,5,300,0.0,0.05106167951270389,False,0.7224829465807626,False,-0.001635473713235594,0.11350111023822251
250,3,0.8981354491386423,0.2859148594252493,0.7374060303976657,1.4773731802061632,1.256136154435455,3,2,300,0.0,0.05106167951270389,False,0.7224829465807626,False,-0.0056179713818329535,0.0336682712012068
251,3,0.6611563639236703,0.15785810970296554,1.5569615926002718,1.2490665851866982,0.8866379639101407,8,8,450,0.08605464217814922,0.05106167951270389,True,0.7224829465807626,False,0.029072179016527477,0.2547246780573049
252,3,0.9362335586850791,0.15138841543097384,1.3243948766999372,0.994592245282721,0.630941489283811,8,5,300,0.15732849796426027,0.05106167951270389,True,0.7224829465807626,False,0.0518701713654372,0.4771963465727721
253,3,0.7392729844667719,0.1923058096871529,1.2432968457667914,1.1561491154521175,0.6671044026875033,1,2,450,0.0,0.05106167951270389,False,0.7224829465807626,False,0.017625411522726855,-0.028216905571166906
254,2,0.8017361783541667,0.26576767417844166,2.4283281450299707,0.6245009311615233,0.7417840247976031,3,3,600,0.0,0.05106167951270389,False,0.7224829465807626,False,-0.07375243233791037,0.293584985733119
255,3,0.7937135074041218,0.06503238718265951,1.0756185185812084,0.8649139882453247,1.831191624146706,3,1,750,0.06822722576846252,0.05106167951270389,True,0.7224829465807626,False,0.025522298106313554,0.1823877425406782
256,1,0.8900374468284507,0.012094998588430739,0.7802494813805092,0.2595518709151219,1.0568987633333895,0,2,300,0.3091286576879002,0.05106167951270389,True,0.7224829465807626,False,0.17192234269735823,0.555835416762218
257,2,0.021159243281863034,0.12228285146865847,1.2615292629818151,0.7455374414765656,1.4107343605430924,8,5,300,0.0,0.05106167951270389,False,0.7224829465807626,False,0.006991959295568423,-0.003920540111613913
258,3,0.23094765732693914,0.3367104635943723,1.8297828623056906,1.397545670540311,1.4371428942559865,8,3,450,0.0,0.05106167951270389,False,0.7224829465807626,False,-0.021386851002363427,-0.22673979657445348
259,3,0.7143593835172526,0.14024428017409218,0.34880299505563456,0.1889016691307378,0.22960178474869886,5,1,750,0.0,0.05106167951270389,False,0.7224829465807626,False,0.017928294506440318,-0.0009189367669097323
260,2,0.26113234023538606,0.3751596895272184,1.160844384978358,1.3407038427535594,0.5025265220288544,3,1,300,0.08488183193115735,0.05106167951270389,True,0.7224829465807626,False,0.03793117982017788,0.18994730525509546
261,2,0.2245678002591899,0.005105384288657966,2.35964342674182,1.1677587821487334,1.123391019709205,0,2,600,0.042658629141727925,0.05106167951270389,False,0.7224829465807626,False,0.017460050510646932,0.1042241337813892
262,1,0.632428825981483,0.2509165509002056,1.2923003773332795,1.2306052738021023,0.0766015334514889,8,3,300,0.0,0.05106167951270389,False,0.7224829465807626,False,-0.016456722293908793,0.030067260791140943
263,3,0.818179341931596,0.05950834571007143,1.2687084805117559,1.0867891874696118,1.931945408101788,5,2,450,0.0,0.05106167951270389,False,0.7224829465807626,False,-0.010787552856965157,0.356741459207482
264,2,0.18828664020238645,0.06421807885464285,2.7227456283945686,1.3523113258569919,0.990036979776616,2,8,750,0.0,0.05106167951270389,False,0.7224829465807626,False,-0.014242032127192647,-0.010862404826298952
265,1,0.08431026989707513,0.15889801026498437,2.559667253550437,0.22638570365412816,0.26901875130634156,3,2,750,0.0,0.05106167951270389,False,0.7224829465807626,False,-0.003038219650505214,0.30666599911921855
266,1,0.6954582476999487,0.28045276996943896,0.553927167239739,0.14222006600772796,0.26294030150432945,2,2,600,0.7430832868024942,0.05106167951270389,True,0.7430832868024942,False,0.5689730890525537,0.9704725614434041
267,3,0.5651338456699125,0.4289901261973153,1.4161730206334606,0.4000897875459509,0.16507350652898767,5,3,750,0.0,0.05106167951270389,False,0.7430832868024942,False,-0.03384642467191715,-0.026778434410461856
268,3,0.08008966204614319,0.16686417077916735,1.5672994772391469,0.6486130438802729,1.6303582964192205,0,3,450,0.018129987958640043,0.05106167951270389,False,0.7430832868024942,False,0.014068898418219344,0.023363340441407143
269,3,0.44800818079895455,0.3619660732365686,2.7909675438603614,0.7995223838045331,0.7713339509116603,3,2,450,0.0,0.05106167951270389,False,0.7430832868024942,False,-0.008409559284050988,0.06298708412797552
270,3,0.383697710200845,0.42507271961902504,2.340325525293133,0.32370744317907396,1.7041596715319345,0,5,300,0.1479607034030783,0.05106167951270389,True,0.7430832868024942,False,0.03579044124909586,0.6116820298237241
271,3,0.29977987753584384,0.22552387659459244,0.7661609427804252,0.5962158537781418,0.7798354346436387,2,2,750,0.03806121928118005,0.05106167951270389,False,0.7430832868024942,False,0.004123881520389963,0.3512846831334485
272,2,0.29707423189769905,0.2460962440579145,2.420285708398151,0.5041246176724261,1.6077146282574513,2,3,750,0.0,0.05106167951270389,False,0.7430832868024942,False,0.01685725019285035,-0.05387621013825296
273,3,0.1736297546269247,0.10827506444661744,1.103692596727257,1.2348432277406207,1.1345935177200215,3,1,600,0.0,0.05106167951270389,False,0.7430832868024942,False,-0.03897485195650721,-0.026111441371256552
274,3,0.408846384724953,0.2102797492009662,2.664829123778193,0.2688854252336403,0.7075593464731174,3,2,450,0.11766988722399753,0.05106167951270389,True,0.7430832868024942,False,0.02923157527053097,0.4736728086380954
275,2,0.24249758581671782,0.28372281361540636,1.5816311939069878,0.30040764698630956,0.6860311031453394,1,0,600,0.0,0.05106167951270389,False,0.7430832868024942,False,-0.0037430407647342373,0.06396580103431593
276,1,0.3048727556580322,0.21675125433051223,0.5654802277530888,0.2677926695241236,1.2106712497925063,3,0,750,0.10731504533733181,0.05106167951270389,True,0.7430832868024942,False,0.03273106090467494,0.35185290783253204
277,3,0.05699340034244437,0.1400287358601015,1.6919367766786377,0.22755615235061116,0.9231333155696189,1,2,300,0.0,0.05106167951270389,False,0.7430832868024942,False,-0.007796714117726866,-0.05510120298136739
278,3,0.3601110678830113,0.42692656777068577,1.2300084511908378,0.5826772855490548,0.17219566934502795,1,5,600,0.0,0.05106167951270389,False,0.7430832868024942,False,0.014027929623010263,-0.13314184884787428
279,3,0.46462648180204835,0.02520034723999673,0.3125374306342309,1.0994379924187991,1.4350600907631188,3,8,750,0.03345795106434049,0.05106167951270389,False,0.7430832868024942,False,0.008991950390147871,0.12449295657261675
280,3,0.7136982585757343,0.004135534537614133,1.5855257913859175,0.469045976732984,1.9611058996153226,0,1,450,0.0,0.05106167951270389,False,0.7430832868024942,False,-0.0968500753737151,0.3554302415740182
281,1,0.8477466351513263,0.21102680340435823,1.970261229927668,0.4977541079400807,1.7157646686839267,0,3,750,0.13860327312988371,0.05106167951270389,True,0.7430832868024942,False,0.0788860575931844,0.24352677657422855
282,3,0.7910447367905465,0.1634128532904574,0.9320550647799828,1.311962883649909,1.8595748865336237,1,3,450,0.04962597112771998,0.05106167951270389,False,0.7430832868024942,False,0.009397724299840066,0.262056741801971
283,3,0.1789110510271097,0.18414852401063694,0.4125638925994174,0.6098532781661908,0.8167543614166355,1,8,750,0.027482463325354912,0.05106167951270389,False,0.7430832868024942,False,0.006709371399644892,0.11257176648015832
284,1,0.32288738891802493,0.3598300962379976,1.3216336594928055,0.8696213736447289,0.21829501256781114,8,1,750,0.02600592201648466,0.05106167951270389,False,0.7430832868024942,False,0.005140398186967515,0.13156723571378764
285,2,0.8047775718232519,0.06464560545835735,1.3856683735885273,0.8414331703014668,0.755343723779845,3,5,450,0.0,0.05106167951270389,False,0.7430832868024942,False,-0.025356714950820494,0.3556859925275534
286,1,0.8396635416234015,0.42734365947248437,1.225638580807228,0.1305942719532968,0.8324598508315608,8,5,300,0.22321936218900135,0.05106167951270389,True,0.7430832868024942,False,0.07248136840840949,0.6874440252742733
287,2,0.622952843649103,0.011307595116418979,1.844836649098667,1.3523979508431823,1.2412706656099528,5,3,600,0.174394188222252,0.05106167951270389,True,0.7430832868024942,False,0.09762662174054222,0.31152704399140607
288,3,0.6897710255695393,0.10743870031125295,2.0180158964828334,0.7937141420051486,0.8803010451969646,3,5,750,0.05734494162129548,0.05106167951270389,True,0.7430832868024942,False,0.025582331147211118,0.12854349787854571
289,2,0.028462139302150597,0.3436585103773563,1.5360675160027142,0.17960054012822096,0.10537669567626695,2,1,300,0.0,0.05106167951270389,False,0.7430832868024942,False,-0.019832395179924328,-0.1388260701543033
290,2,0.4124061520881144,0.2642221106749675,1.5872733619550334,0.2383000135277566,1.9823210498733852,5,2,750,0.12882199477928521,0.05106167951270389,True,0.7430832868024942,False,0.06014387274148894,0.27592347453652444
291,1,0.6565751036298181,0.38905130768680474,0.7954220406964216,0.17357847898596782,1.3762283910137931,3,1,600,0.18545887857891433,0.05106167951270389,True,0.7430832868024942,False,0.07223179580868413,0.47617528068730797
292,3,0.4265870175435704,0.07782830524392037,1.6654357826265875,1.4959313188265073,0.3505589196126848,1,5,750,0.0,0.05106167951270389,False,0.7430832868024942,False,-0.006497190420254706,0.005417943288811691
293,2,0.43382490997115675,0.01937890256362554,2.601227085681191,0.5495440280413176,0.9798839667361006,5,5,450,0.0,0.05106167951270389,False,0.7430832868024942,False,-0.08293401683514286,0.33548012361495183
294,3,0.35762853716092013,0.3700247537147539,1.1959678632051511,0.42679325990256156,0.9184790512323526,0,0,300,0.0,0.05106167951270389,False,0.7430832868024942,False,-0.0474141238680609,-0.06949221209395331
295,3,0.03777731766090148,0.12118928093223905,1.4478326178814913,0.11112686326349518,0.29285718302652564,2,3,300,0.07673515205451946,0.05106167951270389,True,0.7430832868024942,False,0.04793339096979733,0.12284304201512489
296,2,0.26927897716646165,0.11636601330978533,0.781487365152862,0.26140140265825373,0.31546055592483513,3,0,600,0.0,0.05106167951270389,False,0.7430832868024942,False,-0.016379597360401815,0.1731855856022176
297,2,0.6496681208139806,0.07025375551870267,2.6754468567885814,0.6214557839649215,1.9186246444689505,0,1,300,0.0,0.05106167951270389,False,0.7430832868024942,False,-0.02386943530061722,0.4413827513334928
298,3,0.965052946075184,0.3989893584614813,0.4920811618834132,0.949450380804843,1.9944192197985697,1,1,600,0.0,0.05106167951270389,False,0.7430832868024942,False,-0.03933537768497242,-0.000531301123350033
299,3,0.0616166664671179,0.012703635872433843,1.9207114849443114,1.0214956874772778,0.05627979061610966,0,8,450,0.0,0.05106167951270389,False,0.7430832868024942,False,-0.00032551020899225513,0.003929121845114458
