control,dimension,scale_estimate,generator_error,flow_frobenius_error,expectation_trajectory_error
generic_non_gibbs_unrelated_H,2,0.10266075317905488,0.8316146304955147,0.3031427180159363,0.04206699534271875
gibbs_eigenvectors_rotated,2,0.8157957411948868,0.5783401323168625,0.9411038604643404,0.15361893658462908
incorrect_diagonal_observable_algebra,2,1.0,,1.014016017464025e-15,2.286365541337432e-16
generic_non_gibbs_unrelated_H,2,0.0,1.0,1.1196534130070521,0.19935678044548635
gibbs_eigenvectors_rotated,2,0.0,1.0,1.5419255257076858,0.1326764008793612
incorrect_diagonal_observable_algebra,2,1.0,,6.704275246740572e-16,2.6367796834847463e-16
generic_non_gibbs_unrelated_H,2,0.0,1.0,1.1062580542682425,0.1922261964096885
gibbs_eigenvectors_rotated,2,0.9839360235329379,0.1785214317503369,0.29536505631767096,0.016553319820898603
incorrect_diagonal_observable_algebra,2,1.0,,2.4400089022013963e-16,4.4582393332603935e-17
generic_non_gibbs_unrelated_H,2,0.28047468811938403,0.8644610720421539,0.9161509621318319,0.1574048676578106
gibbs_eigenvectors_rotated,2,0.0,1.0,1.680153696096594,0.21147748609614242
incorrect_diagonal_observable_algebra,2,1.0,,8.319696508799451e-16,2.664535259100375e-16
generic_non_gibbs_unrelated_H,2,0.0,1.0,0.07918491373359654,0.011136643535942892
gibbs_eigenvectors_rotated,2,0.0,1.0,1.6295372854809114,0.2229900854929281
incorrect_diagonal_observable_algebra,2,1.0,,7.046841986731589e-16,1.5820678100908476e-16
generic_non_gibbs_unrelated_H,2,0.10123406373519958,0.9058330959262354,0.4229567802352249,0.0652531831364494
gibbs_eigenvectors_rotated,2,0.424703967463095,0.9053322815525283,1.3510027617151052,0.2699214381739553
incorrect_diagonal_observable_algebra,2,1.0,,8.037277331957535e-16,1.9810542095655133e-16
generic_non_gibbs_unrelated_H,2,0.0005250072789259838,0.9968103284151775,0.012480575950223952,0.001908253424719636
gibbs_eigenvectors_rotated,2,0.6608577396093399,0.7505111911213811,1.186466216112683,0.1494752312299174
incorrect_diagonal_observable_algebra,2,1.0,,1.3966964096470828e-15,4.565792188770955e-16
generic_non_gibbs_unrelated_H,2,1.3384472684290296,0.5319608619873674,1.1175037022439294,0.19058243626043536
gibbs_eigenvectors_rotated,2,0.6948637119802662,0.7191414476811951,0.9263114478423673,0.1490203052739566
incorrect_diagonal_observable_algebra,2,1.0,,6.700255741661399e-16,1.6722734308416416e-16
generic_non_gibbs_unrelated_H,2,0.12163986838976132,0.9963202281589761,1.7708798607467902,0.21183823424020973
gibbs_eigenvectors_rotated,2,0.7562939631668651,0.6542319476128908,1.0784970714495044,0.07229629279188908
incorrect_diagonal_observable_algebra,2,1.0,,5.695061038537296e-16,1.3600232051658166e-16
generic_non_gibbs_unrelated_H,2,0.37307942349957235,0.9457215267690563,1.5631816953698257,0.3093890967114434
gibbs_eigenvectors_rotated,2,0.0,1.0,1.5741690760759592,0.19904652943119616
incorrect_diagonal_observable_algebra,2,1.0,,4.491722643533388e-16,9.159339953157537e-17
generic_non_gibbs_unrelated_H,2,0.0,1.0,0.6981332404614866,0.1137760005298963
gibbs_eigenvectors_rotated,2,0.0,1.0,1.682100856425562,0.24405842223646804
incorrect_diagonal_observable_algebra,2,1.0,,9.246136830774458e-16,2.3141211169530603e-16
generic_non_gibbs_unrelated_H,2,0.02383088836475915,0.9985669491842956,0.7997065102353995,0.14007506783243476
gibbs_eigenvectors_rotated,2,0.5649732096448615,0.8251092487565407,1.402574915594129,0.23395758446864162
incorrect_diagonal_observable_algebra,2,1.0,,1.329628874279226e-15,1.9984014443252813e-16
generic_non_gibbs_unrelated_H,2,0.6894919812424395,0.886410432801755,1.7985946694576935,0.24943412287336666
gibbs_eigenvectors_rotated,2,0.4428727960654678,0.8965844558685782,1.2831441858300352,0.26501852084149696
incorrect_diagonal_observable_algebra,2,1.0,,1.0525842377129034e-15,3.05311331771918e-16
generic_non_gibbs_unrelated_H,2,0.0,1.0,0.5242998718171266,0.023456375851794643
gibbs_eigenvectors_rotated,2,0.5252297854294715,0.8509604412061181,1.4337729280281601,0.24861516988875168
incorrect_diagonal_observable_algebra,2,1.0,,1.324115420332379e-15,4.3576253716537387e-16
generic_non_gibbs_unrelated_H,2,0.9094836333136791,0.8428383624996646,1.577210937678542,0.3374717508754753
gibbs_eigenvectors_rotated,2,0.5234184929286191,0.8520757485460628,1.3855640830765836,0.12153476735733856
incorrect_diagonal_observable_algebra,2,1.0,,1.1442707327174854e-15,1.866562460151044e-16
generic_non_gibbs_unrelated_H,2,0.05137492455832209,0.9215214669424684,0.24130069402883253,0.02751818166855154
gibbs_eigenvectors_rotated,2,0.0,1.0,1.319044999040528,0.19732563932604957
incorrect_diagonal_observable_algebra,2,1.0,,4.927044063829454e-16,1.4137996329210973e-16
generic_non_gibbs_unrelated_H,2,0.5878884234719207,0.37139590459206984,0.43997110749384943,0.05438222955194848
gibbs_eigenvectors_rotated,2,0.4619779111424339,0.8868914305688569,1.3414307004395323,0.27420010945606527
incorrect_diagonal_observable_algebra,2,1.0,,1.4001394227205734e-15,4.0245584642661915e-16
generic_non_gibbs_unrelated_H,2,0.0,1.0,0.7377380387227431,0.12628629942259623
gibbs_eigenvectors_rotated,2,0.861250054968297,0.5081814073902197,0.8434410094839897,0.10826282982619591
incorrect_diagonal_observable_algebra,2,1.0,,1.3355764144134533e-15,5.412337245047636e-16
generic_non_gibbs_unrelated_H,2,0.0,1.0,0.13772976877834087,0.017612178554420158
gibbs_eigenvectors_rotated,2,0.7504515003973736,0.660925521939749,1.0991660057690613,0.15420910531422832
incorrect_diagonal_observable_algebra,2,1.0,,4.756487036877853e-16,9.818534874028726e-17
generic_non_gibbs_unrelated_H,2,0.014863281805865852,0.9983346286339482,0.5080433966474572,0.07616667225863809
gibbs_eigenvectors_rotated,2,0.0,1.0,1.6771120515827436,0.217722454252204
incorrect_diagonal_observable_algebra,2,1.0,,8.919580870662312e-16,2.0261570199409104e-16
generic_non_gibbs_unrelated_H,2,0.0,1.0,1.3059835931975843,0.20522871379998442
gibbs_eigenvectors_rotated,2,0.7489573126555255,0.6626182489335875,0.9187217216721015,0.11952945841606359
incorrect_diagonal_observable_algebra,2,1.0,,8.239703554913684e-16,2.2620794126737565e-16
generic_non_gibbs_unrelated_H,2,0.08743491710975364,0.9885188531498682,1.0758490205880529,0.0526278456720537
gibbs_eigenvectors_rotated,2,0.0,1.0,1.671353779569481,0.294661024057275
incorrect_diagonal_observable_algebra,2,1.0,,4.449557262054376e-16,9.436895709313829e-17
generic_non_gibbs_unrelated_H,2,0.344054006454387,0.3688073136154462,0.22655290621973506,0.03263355647481155
gibbs_eigenvectors_rotated,2,0.4140809272626462,0.9102400703535891,1.4232052462680649,0.2564408122859654
incorrect_diagonal_observable_algebra,2,1.0,,4.161853528055779e-16,7.494005416219806e-17
generic_non_gibbs_unrelated_H,2,0.0,1.0,1.3139886211779994,0.1660393904270616
gibbs_eigenvectors_rotated,2,0.5376234516326768,0.8431850474567054,1.2461773098860471,0.23792537158606905
incorrect_diagonal_observable_algebra,2,1.0,,9.513083001296627e-16,3.080868893334809e-16
generic_non_gibbs_unrelated_H,2,0.0,1.0,0.3618668202083853,0.03775003739437029
gibbs_eigenvectors_rotated,2,0.2664313179840213,0.9638539063557803,1.578406311786339,0.25116642660910743
incorrect_diagonal_observable_algebra,2,1.0,,4.790834771251406e-16,5.828670879282071e-17
generic_non_gibbs_unrelated_H,2,0.0,1.0,0.5440124755953325,0.08975540577887894
gibbs_eigenvectors_rotated,2,0.42264636090433716,0.9062946836511405,1.2594177082768543,0.1967469920345581
incorrect_diagonal_observable_algebra,2,1.0,,7.177575425079554e-16,1.9984014443252813e-16
generic_non_gibbs_unrelated_H,2,0.0,1.0,0.873166270318246,0.14368133075917794
gibbs_eigenvectors_rotated,2,0.23150447442943994,0.9728338390080543,1.6210584473408736,0.2704440487638231
incorrect_diagonal_observable_algebra,2,1.0,,5.376686741050567e-16,1.5265566588595898e-16
generic_non_gibbs_unrelated_H,2,0.5869433141100662,0.7275395063768362,0.9996916658547115,0.1650084480293848
gibbs_eigenvectors_rotated,2,0.0,1.0,1.5513076776754142,0.11528491354716244
incorrect_diagonal_observable_algebra,2,1.0,,3.031486969601306e-16,8.326672684688672e-17
generic_non_gibbs_unrelated_H,2,0.41562215625969634,0.7341077596575444,0.823769583945874,0.1469052693570134
gibbs_eigenvectors_rotated,2,0.0,1.0,1.6747986801028616,0.24734217212365062
incorrect_diagonal_observable_algebra,2,1.0,,1.0813039625600214e-15,3.30291349825984e-16
generic_non_gibbs_unrelated_H,2,0.0,1.0,0.5166229781315811,0.05391208273845843
gibbs_eigenvectors_rotated,2,0.0,1.0,1.2940862365906394,0.23261242714361083
incorrect_diagonal_observable_algebra,2,1.0,,4.1271420400159164e-16,8.881784197001252e-17
generic_non_gibbs_unrelated_H,2,0.09443744215082739,0.8846269475923022,0.34924272765111597,0.05237647980279838
gibbs_eigenvectors_rotated,2,0.9762953590605591,0.21644253712432238,0.35183681617694895,0.02882751151798581
incorrect_diagonal_observable_algebra,2,1.0,,8.798393290957141e-16,2.109423746787797e-16
generic_non_gibbs_unrelated_H,2,0.04787612224513872,0.9973861061867059,1.224540831159047,0.1521237968506696
gibbs_eigenvectors_rotated,2,0.08099697930638186,0.9967143469135185,1.5982899984024936,0.2243009692508605
incorrect_diagonal_observable_algebra,2,1.0,,3.2818533557344894e-16,7.494005416219806e-17
generic_non_gibbs_unrelated_H,2,0.018031451613509705,0.9919954886796026,0.27256607323498244,0.03975449845738256
gibbs_eigenvectors_rotated,2,0.06531109956685979,0.9978649509193956,1.4798857337740834,0.20559137204007558
incorrect_diagonal_observable_algebra,2,1.0,,7.117896435708123e-16,1.0824674490095275e-16
generic_non_gibbs_unrelated_H,2,0.0,1.0,0.5452714470886867,0.06253055998816161
gibbs_eigenvectors_rotated,2,0.0,1.0,1.6792280634448624,0.2978388648466739
incorrect_diagonal_observable_algebra,2,1.0,,7.929633589145111e-16,7.216449660063515e-17
generic_non_gibbs_unrelated_H,2,0.0,1.0,0.7931628928430913,0.12541246789746224
gibbs_eigenvectors_rotated,2,0.0,1.0,1.5393995094152,0.27881469806804365
incorrect_diagonal_observable_algebra,2,1.0,,9.29867769462901e-16,2.720046410331633e-16
generic_non_gibbs_unrelated_H,2,0.0,1.0,0.194988803363523,0.028617614251507013
gibbs_eigenvectors_rotated,2,0.0,1.0,1.6170934341858145,0.2722498285294512
incorrect_diagonal_observable_algebra,2,1.0,,5.533580336556468e-16,1.27675647831893e-16
generic_non_gibbs_unrelated_H,2,0.3832464593652325,0.5106079670167446,0.42036176269400016,0.07050455160925462
gibbs_eigenvectors_rotated,2,0.0,1.0,1.6674568112595096,0.2700831741519364
incorrect_diagonal_observable_algebra,2,1.0,,2.8168970532565677e-16,8.62157567560473e-17
generic_non_gibbs_unrelated_H,2,0.21215661995813687,0.9001628996091842,0.7549121489097556,0.14008826579836367
gibbs_eigenvectors_rotated,2,0.0,1.0,1.6374028724294907,0.22252420189871125
incorrect_diagonal_observable_algebra,2,1.0,,5.978125762170112e-16,1.498801083243961e-16
generic_non_gibbs_unrelated_H,2,0.10578785389290116,0.7314219096287655,0.22501074535103777,0.01607539205157398
gibbs_eigenvectors_rotated,2,0.6795322277974081,0.7336456579198788,1.1699625911197922,0.13215618019522996
incorrect_diagonal_observable_algebra,2,1.0,,5.579686367726212e-16,1.4294121442048887e-16
generic_non_gibbs_unrelated_H,2,0.47398043686248775,0.956158009944779,1.9123684895175042,0.32921090256314633
gibbs_eigenvectors_rotated,2,0.4403760532240359,0.897813417000894,1.4130990393110776,0.040331597777726165
incorrect_diagonal_observable_algebra,2,1.0,,4.2691876405153554e-16,1.589006703994755e-16
generic_non_gibbs_unrelated_H,2,0.043473168434235966,0.8383208904726416,0.12666458495700392,0.015217916317270578
gibbs_eigenvectors_rotated,2,0.0,1.0,1.29859180309801,0.19971229224556378
incorrect_diagonal_observable_algebra,2,1.0,,7.577386895082954e-16,2.2065682614424987e-16
generic_non_gibbs_unrelated_H,2,0.0,1.0,1.6530817037890568,0.2860931614153058
gibbs_eigenvectors_rotated,2,0.6324424083738618,0.774607384479563,1.3031035450614528,0.1443129933940755
incorrect_diagonal_observable_algebra,2,1.0,,5.333964708452278e-16,1.2490009027033009e-16
generic_non_gibbs_unrelated_H,2,0.1349968889729655,0.4053170362718577,0.11796145996217805,0.01766138358361517
gibbs_eigenvectors_rotated,2,0.0,1.0,1.519835093001063,0.2640326213291871
incorrect_diagonal_observable_algebra,2,1.0,,1.5742860334267955e-15,4.524158825347513e-16
generic_non_gibbs_unrelated_H,2,0.0,1.0,1.958078911236034,0.3254138185603789
gibbs_eigenvectors_rotated,2,0.0,1.0,1.682403089229382,0.2855810958230832
incorrect_diagonal_observable_algebra,2,1.0,,7.649008871673884e-16,9.575673587391973e-17
generic_non_gibbs_unrelated_H,2,0.2580756174640329,0.9728286176288271,1.2722107049877056,0.29742408145682137
gibbs_eigenvectors_rotated,2,0.0,1.0,1.6757998253763589,0.2611764332468539
incorrect_diagonal_observable_algebra,2,1.0,,5.770224359760087e-16,9.922618282587335e-17
generic_non_gibbs_unrelated_H,2,0.3223698177069879,0.4446489160813597,0.27368868503912036,0.03479932711284889
gibbs_eigenvectors_rotated,2,0.0,1.0,1.6422642907493277,0.07357268593933146
incorrect_diagonal_observable_algebra,2,1.0,,5.140956055211757e-16,1.5820678100908476e-16
generic_non_gibbs_unrelated_H,2,0.0,1.0,0.5116006968531842,0.08165182430954553
gibbs_eigenvectors_rotated,2,0.0,1.0,1.637373229873259,0.2870194146738039
incorrect_diagonal_observable_algebra,2,1.0,,6.854063242954892e-16,1.4016565685892598e-16
generic_non_gibbs_unrelated_H,2,0.34138468196527516,0.9605793537146143,1.740465413199829,0.30536129246950605
gibbs_eigenvectors_rotated,2,0.23370752255337846,0.9723069442835232,1.6323587354034474,0.2584014473896157
incorrect_diagonal_observable_algebra,2,1.0,,5.107741714664619e-16,1.6930901125533636e-16
generic_non_gibbs_unrelated_H,2,0.47964975852521075,0.8141402455102693,1.1522391493090076,0.07614335083645454
gibbs_eigenvectors_rotated,2,0.7158048410356807,0.6983003863309001,1.129466651652305,0.08643530118636769
incorrect_diagonal_observable_algebra,2,1.0,,4.677709241531179e-16,6.800116025829082e-17
generic_non_gibbs_unrelated_H,2,0.0,1.0,0.48565563827918734,0.060308933557417024
gibbs_eigenvectors_rotated,2,0.0,1.0,1.5757280268617855,0.16234532718988465
incorrect_diagonal_observable_algebra,2,1.0,,6.232586971803833e-16,2.4980018054066017e-16
generic_non_gibbs_unrelated_H,4,0.0,1.0,1.3837809488102066,0.10235771355989602
gibbs_eigenvectors_rotated,4,0.0,1.0,1.5351967643256663,0.10086753526889405
incorrect_diagonal_observable_algebra,4,1.0,,2.5162611000870948e-15,2.223752865876394e-16
generic_non_gibbs_unrelated_H,4,0.0,1.0,1.342889929197404,0.07880308931945194
gibbs_eigenvectors_rotated,4,0.0,1.0,1.4226314177826513,0.13904834405351163
incorrect_diagonal_observable_algebra,4,1.0,,1.9324165486304986e-15,2.6040367778756847e-16
generic_non_gibbs_unrelated_H,4,0.0,1.0,1.108125330870569,0.08028884653301745
gibbs_eigenvectors_rotated,4,0.4330061574196348,0.9013909626996945,1.4050821325181537,0.13458518372191983
incorrect_diagonal_observable_algebra,4,1.0,,3.270267091762504e-15,3.8354736053847204e-16
generic_non_gibbs_unrelated_H,4,0.0,1.0,1.1623220332905873,0.10164987638226863
gibbs_eigenvectors_rotated,4,0.31959583104225386,0.9475539587698483,1.323880216302723,0.1298971467756377
incorrect_diagonal_observable_algebra,4,1.0,,3.084015265571819e-15,4.974536407797991e-16
generic_non_gibbs_unrelated_H,4,0.20765869375693705,0.98200905583587,1.549879257814739,0.10630022839743318
gibbs_eigenvectors_rotated,4,0.1655384523104832,0.98620333644064,1.5388163827075287,0.11752036874933272
incorrect_diagonal_observable_algebra,4,1.0,,1.67106372548017e-15,1.415778301885884e-16
generic_non_gibbs_unrelated_H,4,0.0,1.0,0.7762812381975384,0.05674799973367698
gibbs_eigenvectors_rotated,4,0.0,1.0,1.677400853068277,0.08209290240263463
incorrect_diagonal_observable_algebra,4,1.0,,3.099595325720026e-15,1.9756331987030862e-16
generic_non_gibbs_unrelated_H,4,0.3742144928345839,0.7923284318766651,0.9425931562760619,0.04421390429219117
gibbs_eigenvectors_rotated,4,0.0,1.0,1.3566812971862963,0.11625894334845399
incorrect_diagonal_observable_algebra,4,1.0,,2.0301504418907043e-15,4.184813709754917e-16
generic_non_gibbs_unrelated_H,4,0.0,1.0,1.248610960450786,0.04734687191280661
gibbs_eigenvectors_rotated,4,0.07764485242015344,0.9969810815119075,1.4262533725321123,0.08758384122193637
incorrect_diagonal_observable_algebra,4,1.0,,2.4568114241982782e-15,2.645290670538758e-16
generic_non_gibbs_unrelated_H,4,0.04746361632264823,0.9990239879785148,1.7279547297153006,0.15039707889744913
gibbs_eigenvectors_rotated,4,0.0,1.0,1.3498331545249749,0.0694911680072926
incorrect_diagonal_observable_algebra,4,1.0,,1.8168559887277066e-15,1.5894403848637495e-16
generic_non_gibbs_unrelated_H,4,0.0,1.0,1.5293536876209788,0.07333144750256448
gibbs_eigenvectors_rotated,4,0.17668930959661644,0.9842666751822249,1.4401780914912576,0.1423547114758389
incorrect_diagonal_observable_algebra,4,1.0,,3.10305581337703e-15,3.3121292167259676e-16
generic_non_gibbs_unrelated_H,4,0.0,1.0,1.2762635241106273,0.12819240914359056
gibbs_eigenvectors_rotated,4,0.0,1.0,1.7380063862408752,0.14283252595333812
incorrect_diagonal_observable_algebra,4,1.0,,1.6299063357649824e-15,3.3087681899912626e-16
generic_non_gibbs_unrelated_H,4,0.09986866559259129,0.9944594407350965,1.4871704003439095,0.11681070341455921
gibbs_eigenvectors_rotated,4,0.3891166595970185,0.9211884851777393,1.4698719928107822,0.09367197764886963
incorrect_diagonal_observable_algebra,4,1.0,,2.6291014829153923e-15,4.007319649723673e-16
generic_non_gibbs_unrelated_H,4,0.0,1.0,1.5292609944383435,0.10288373403634662
gibbs_eigenvectors_rotated,4,0.20146440201798846,0.9794958370098028,1.4036309114072982,0.1010083465561347
incorrect_diagonal_observable_algebra,4,1.0,,2.6673350727280957e-15,4.577935253102794e-16
generic_non_gibbs_unrelated_H,4,0.0,1.0,1.5070217024753512,0.12782507526196896
gibbs_eigenvectors_rotated,4,0.32106076423927415,0.9470585967436719,1.3334234551852366,0.1119694608413317
incorrect_diagonal_observable_algebra,4,1.0,,2.273136526953325e-15,2.740429411174361e-16
generic_non_gibbs_unrelated_H,4,0.0,1.0,1.5969831254026297,0.08415961576741149
gibbs_eigenvectors_rotated,4,0.0,1.0,1.5366369914025706,0.10276431960061509
incorrect_diagonal_observable_algebra,4,1.0,,2.2953972534936234e-15,4.559774866713661e-16
generic_non_gibbs_unrelated_H,4,0.0,1.0,1.8048232105837734,0.14310553420108105
gibbs_eigenvectors_rotated,4,0.2838125789857327,0.9588797734906432,1.5268467025618808,0.106051640018295
incorrect_diagonal_observable_algebra,4,1.0,,2.0258480730281766e-15,2.0824271126929084e-16
generic_non_gibbs_unrelated_H,4,0.2582978108673926,0.9785670777070381,1.673595037984761,0.09371926105795672
gibbs_eigenvectors_rotated,4,0.0,1.0,1.471107749701969,0.133823836333143
incorrect_diagonal_observable_algebra,4,1.0,,2.3763280351211446e-15,4.901244340937972e-16
generic_non_gibbs_unrelated_H,4,0.0,1.0,1.5088551171760594,0.13553104633655377
gibbs_eigenvectors_rotated,4,0.0,1.0,1.5980733892595265,0.11575512037456714
incorrect_diagonal_observable_algebra,4,1.0,,2.9746901394909025e-15,5.7892059202036e-16
generic_non_gibbs_unrelated_H,4,0.07492254186097666,0.9974027002139634,1.5973059963144158,0.10268184752139575
gibbs_eigenvectors_rotated,4,0.0,1.0,1.5470055700304859,0.1342260875585757
incorrect_diagonal_observable_algebra,4,1.0,,1.912450614667988e-15,2.8646789801411996e-16
generic_non_gibbs_unrelated_H,4,0.01946601795492909,0.9998331829905959,1.532240186263001,0.12462161591097387
gibbs_eigenvectors_rotated,4,0.09751181094698173,0.9952343677374894,1.4961030386696914,0.10104770135709087
incorrect_diagonal_observable_algebra,4,1.0,,2.8584703958770145e-15,3.7272702285706673e-16
generic_non_gibbs_unrelated_H,4,0.17015732236269585,0.9811036519800014,1.2632490287518723,0.04394686026042763
gibbs_eigenvectors_rotated,4,0.14287829251975495,0.9897402656892562,1.5344735149700717,0.0764487636803755
incorrect_diagonal_observable_algebra,4,1.0,,2.8693030294378275e-15,1.719327805127513e-16
generic_non_gibbs_unrelated_H,4,0.0,1.0,1.1302740373851996,0.062121556160460736
gibbs_eigenvectors_rotated,4,0.5481698718596316,0.8363670196662432,1.2589508076762062,0.08459063839668249
incorrect_diagonal_observable_algebra,4,1.0,,2.161242682158697e-15,2.764607119620788e-16
generic_non_gibbs_unrelated_H,4,0.01781657031613033,0.9996608684714552,1.0387527890787216,0.05171082834367998
gibbs_eigenvectors_rotated,4,0.037799347286033264,0.9992853493095702,1.4110998139007276,0.06721537171404506
incorrect_diagonal_observable_algebra,4,1.0,,2.877572143978756e-15,2.827084269810265e-16
generic_non_gibbs_unrelated_H,4,0.38666645410031103,0.912303275837635,1.4108714495906447,0.08811148954321953
gibbs_eigenvectors_rotated,4,0.095599352055014,0.9954198932544304,1.660857931165334,0.0899829556780914
incorrect_diagonal_observable_algebra,4,1.0,,2.2913825746046936e-15,3.877106968808164e-16
generic_non_gibbs_unrelated_H,4,0.0,1.0,1.0490145285139485,0.0883600461583945
gibbs_eigenvectors_rotated,4,0.009909852189656676,0.9999508962091984,1.4595769832400038,0.12873233099113937
incorrect_diagonal_observable_algebra,4,1.0,,2.6371429018602653e-15,2.2447321779139885e-16
generic_non_gibbs_unrelated_H,4,0.0,1.0,1.0560499736075741,0.07874985914232871
gibbs_eigenvectors_rotated,4,0.010753222400551989,0.9999421824325666,1.498220414915597,0.14354053540391226
incorrect_diagonal_observable_algebra,4,1.0,,2.9054963715356107e-15,3.2999319422855057e-16
generic_non_gibbs_unrelated_H,4,0.0,1.0,1.5758234946669303,0.10442164228010857
gibbs_eigenvectors_rotated,4,0.290371992353784,0.9569138446362316,1.474841588536063,0.11096267218804541
incorrect_diagonal_observable_algebra,4,1.0,,2.2077050399321617e-15,1.0356299151581539e-16
generic_non_gibbs_unrelated_H,4,0.09796948128429316,0.9721438142842337,0.7526752789680529,0.04750969767791665
gibbs_eigenvectors_rotated,4,0.0,1.0,1.5999126034557483,0.09153188073579191
incorrect_diagonal_observable_algebra,4,1.0,,1.8821757444986206e-15,3.4390350810153956e-16
generic_non_gibbs_unrelated_H,4,0.0,1.0,1.736940996390119,0.14401798067982438
gibbs_eigenvectors_rotated,4,0.0,1.0,1.608577283085258,0.12817633392836533
incorrect_diagonal_observable_algebra,4,1.0,,2.5599111614756653e-15,5.144322468009222e-16
generic_non_gibbs_unrelated_H,4,0.0,1.0,1.044533961700668,0.06577831733952583
gibbs_eigenvectors_rotated,4,0.080475462547996,0.9967565901099859,1.515254243824172,0.12806184001763485
incorrect_diagonal_observable_algebra,4,1.0,,2.1183717933891648e-15,3.976745148459582e-16
generic_non_gibbs_unrelated_H,4,0.0,1.0,1.7798330524427846,0.1376330963780628
gibbs_eigenvectors_rotated,4,0.23214680323139664,0.9726807604499245,1.4569800225031941,0.07169011459443748
incorrect_diagonal_observable_algebra,4,1.0,,3.1337216631565497e-15,4.262486631018136e-16
generic_non_gibbs_unrelated_H,4,0.2597408834459146,0.9695202393136271,1.4592365762610158,0.05360264934422626
gibbs_eigenvectors_rotated,4,0.0,1.0,1.4730088609924081,0.10674374086814468
incorrect_diagonal_observable_algebra,4,1.0,,2.8896353842272037e-15,4.057951891178746e-16
generic_non_gibbs_unrelated_H,4,0.0,1.0,1.1798224134181465,0.1061140697166355
gibbs_eigenvectors_rotated,4,0.0,1.0,1.5171282164081912,0.10526344604150495
incorrect_diagonal_observable_algebra,4,1.0,,2.586130921904813e-15,3.2372108466072193e-16
generic_non_gibbs_unrelated_H,4,0.0,1.0,1.2756154441711909,0.1205429838867278
gibbs_eigenvectors_rotated,4,0.0865962487292584,0.996243489166188,1.5600547227181005,0.13325779009918484
incorrect_diagonal_observable_algebra,4,1.0,,3.231420731995147e-15,4.058168731613243e-16
generic_non_gibbs_unrelated_H,4,0.18643240998201302,0.9697470282751215,1.1429767147220453,0.113556607637272
gibbs_eigenvectors_rotated,4,0.09487496262395036,0.9954891970619791,1.446798310979984,0.07021005052395746
incorrect_diagonal_observable_algebra,4,1.0,,1.6169893412024271e-15,1.6503183368488107e-16
generic_non_gibbs_unrelated_H,4,0.1703282242975211,0.9891925679217547,1.6792237030338664,0.1487952265940184
gibbs_eigenvectors_rotated,4,0.0,1.0,1.4145380649105965,0.0697872061329571
incorrect_diagonal_observable_algebra,4,1.0,,4.180547172348244e-15,5.328311576680012e-16
generic_non_gibbs_unrelated_H,4,0.6776987251874791,0.875371453341756,1.7394561496487106,0.11289808500400918
gibbs_eigenvectors_rotated,4,0.0,1.0,1.5600321688471959,0.08800560475555423
incorrect_diagonal_observable_algebra,4,1.0,,1.9081754207518087e-15,3.338583749734614e-16
generic_non_gibbs_unrelated_H,4,0.0,1.0,1.1351265034063112,0.12848388458272844
gibbs_eigenvectors_rotated,4,0.1030332261143253,0.9946779148631352,1.4639466667768244,0.10730066451484455
incorrect_diagonal_observable_algebra,4,1.0,,2.073185437168849e-15,2.834538159746103e-16
generic_non_gibbs_unrelated_H,4,0.0,1.0,1.6885565221898433,0.13701091277844446
gibbs_eigenvectors_rotated,4,0.0,1.0,1.4453798235120991,0.08958489067010293
incorrect_diagonal_observable_algebra,4,1.0,,3.295905214686478e-15,3.359942532532578e-16
generic_non_gibbs_unrelated_H,4,0.11726989466808091,0.995792370370899,1.6724047878260613,0.10014107919326301
gibbs_eigenvectors_rotated,4,0.0,1.0,1.6494874502678694,0.12024485399234222
incorrect_diagonal_observable_algebra,4,1.0,,4.3375025238301425e-15,4.655130447783762e-16
generic_non_gibbs_unrelated_H,4,0.07195645224849266,0.9982107831380572,1.579322062333362,0.1445270216994296
gibbs_eigenvectors_rotated,4,0.3456798210102768,0.9383525250918776,1.4406523777541125,0.06952510081710335
incorrect_diagonal_observable_algebra,4,1.0,,4.147772191364876e-15,4.503125303201294e-16
generic_non_gibbs_unrelated_H,4,0.0,1.0,1.7390951694313512,0.10836183719391841
gibbs_eigenvectors_rotated,4,0.006002714904116969,0.9999819835445938,1.4066961104610698,0.15310406285987455
incorrect_diagonal_observable_algebra,4,1.0,,1.8006091778236795e-15,1.6001197762627316e-16
generic_non_gibbs_unrelated_H,4,0.0,1.0,1.0081891334212016,0.06801867627673293
gibbs_eigenvectors_rotated,4,0.3338077119379609,0.9426411891333538,1.5588443094593105,0.13714351915712383
incorrect_diagonal_observable_algebra,4,1.0,,3.666218948504809e-15,4.866000994068614e-16
generic_non_gibbs_unrelated_H,4,0.0,1.0,0.7746555921012916,0.062346221220950994
gibbs_eigenvectors_rotated,4,0.0,1.0,1.5167420032685017,0.12202089355970329
incorrect_diagonal_observable_algebra,4,1.0,,3.0895739454170273e-15,1.3379596909557367e-16
generic_non_gibbs_unrelated_H,4,0.0,1.0,1.3577819736495993,0.12189454637928035
gibbs_eigenvectors_rotated,4,0.0,1.0,1.7884279328806105,0.11126342348645961
incorrect_diagonal_observable_algebra,4,1.0,,1.7203594772170809e-15,2.609837259498482e-16
generic_non_gibbs_unrelated_H,4,0.0,1.0,1.3905485456990585,0.10869653839907367
gibbs_eigenvectors_rotated,4,0.0,1.0,1.5973186809727054,0.14496238072805387
incorrect_diagonal_observable_algebra,4,1.0,,4.150948702344364e-15,3.2240920003201443e-16
generic_non_gibbs_unrelated_H,4,0.09976159300811423,0.9933863258194293,1.5046379181567893,0.1374988544189793
gibbs_eigenvectors_rotated,4,0.3686179385097453,0.929580989160614,1.4120259997111237,0.0884412868172156
incorrect_diagonal_observable_algebra,4,1.0,,2.4047860325905625e-15,1.8751818674223041e-16
generic_non_gibbs_unrelated_H,4,0.0,1.0,1.2609566864418753,0.12159485256053755
gibbs_eigenvectors_rotated,4,0.09189978414877721,0.9957682610293462,1.3630506723720672,0.132888930557939
incorrect_diagonal_observable_algebra,4,1.0,,1.3007825350980035e-15,1.587597241170524e-16
generic_non_gibbs_unrelated_H,4,0.06965303125986608,0.9976920419216075,1.4697182960412944,0.13907701790103183
gibbs_eigenvectors_rotated,4,0.0,1.0,1.591807851214444,0.1484989975802735
incorrect_diagonal_observable_algebra,4,1.0,,1.4458391557135332e-15,1.3138361926179342e-16
generic_non_gibbs_unrelated_H,4,0.0,1.0,1.4768661352852837,0.06735675798626958
gibbs_eigenvectors_rotated,4,0.0,1.0,1.5711397544811319,0.12318626118551697
incorrect_diagonal_observable_algebra,4,1.0,,2.23857242918769e-15,2.638622827177972e-16
generic_non_gibbs_unrelated_H,8,0.06353122721309591,0.9982525387924239,1.659509415951645,0.06095512001783632
gibbs_eigenvectors_rotated,8,0.2164198410869464,0.9763003904454309,1.4196832056553335,0.05296842734460695
incorrect_diagonal_observable_algebra,8,1.0,,6.0392513084283195e-15,3.076772642001887e-16
generic_non_gibbs_unrelated_H,8,0.07990521758187619,0.9972857347390277,1.6136066359253305,0.06451110399004782
gibbs_eigenvectors_rotated,8,0.07615262450678036,0.9970961727841149,1.4133699840334255,0.06670879312737285
incorrect_diagonal_observable_algebra,8,1.0,,5.544830677330425e-15,2.9889615833929814e-16
generic_non_gibbs_unrelated_H,8,0.0,1.0,1.3323021013711314,0.06949092270445256
gibbs_eigenvectors_rotated,8,0.0,1.0,1.4455043864196462,0.06523934829087369
incorrect_diagonal_observable_algebra,8,1.0,,3.861371520873665e-15,2.2200936835442552e-16
generic_non_gibbs_unrelated_H,8,0.0,1.0,1.4400578877836487,0.056682236622836404
gibbs_eigenvectors_rotated,8,0.021046891544921013,0.9997784896447294,1.3783659320208472,0.04730366970654529
incorrect_diagonal_observable_algebra,8,1.0,,4.1861024819011834e-15,1.814352831589947e-16
generic_non_gibbs_unrelated_H,8,0.0,1.0,1.6135442108898213,0.07802423727043155
gibbs_eigenvectors_rotated,8,0.0,1.0,1.4541971227069512,0.05990617827491649
incorrect_diagonal_observable_algebra,8,1.0,,5.419115657995179e-15,2.7088706576255593e-16
generic_non_gibbs_unrelated_H,8,0.0,1.0,1.5287943009557294,0.06506933937393064
gibbs_eigenvectors_rotated,8,0.009807953017324527,0.999951900872042,1.4600910130310496,0.06466817697530355
incorrect_diagonal_observable_algebra,8,1.0,,6.310856035209101e-15,2.666706204544188e-16
generic_non_gibbs_unrelated_H,8,0.13106646341620037,0.9870583992152333,1.3248693433876015,0.0344014502122917
gibbs_eigenvectors_rotated,8,0.0,1.0,1.415160093719343,0.0691167737708559
incorrect_diagonal_observable_algebra,8,1.0,,5.600331811590673e-15,2.2094515615949518e-16
generic_non_gibbs_unrelated_H,8,0.04176552341780287,0.9993569935675655,1.484612610316292,0.07223013363826339
gibbs_eigenvectors_rotated,8,0.02143829929353411,0.9997701732515333,1.3466852448682727,0.05773850894287282
incorrect_diagonal_observable_algebra,8,1.0,,5.5168481076709024e-15,2.9461166452176093e-16
generic_non_gibbs_unrelated_H,8,0.2634417242104086,0.9868186770368957,1.6928887426844692,0.07571304121839412
gibbs_eigenvectors_rotated,8,0.008641272999911083,0.9999626635034633,1.3964624357136435,0.0637409240495129
incorrect_diagonal_observable_algebra,8,1.0,,5.364826766085667e-15,3.3789821391209603e-16
generic_non_gibbs_unrelated_H,8,0.01730078886645056,0.9998712813715817,1.4648944582899524,0.06765892544081172
gibbs_eigenvectors_rotated,8,0.038272712861114846,0.9992673313234304,1.413299175079766,0.05460691278877833
incorrect_diagonal_observable_algebra,8,1.0,,5.483208587497406e-15,3.8386923305842867e-16
generic_non_gibbs_unrelated_H,8,0.0,1.0,1.6752671088446482,0.08808844667501162
gibbs_eigenvectors_rotated,8,0.1745388609691251,0.9846502861481331,1.3703053561106466,0.05947607992770397
incorrect_diagonal_observable_algebra,8,1.0,,6.128049590237407e-15,3.1919729344767343e-16
generic_non_gibbs_unrelated_H,8,0.20386313698894337,0.9868357521812575,1.5403109108813693,0.07093313999889386
gibbs_eigenvectors_rotated,8,0.0,1.0,1.6284646082775025,0.05557036167152578
incorrect_diagonal_observable_algebra,8,1.0,,4.510801554859629e-15,3.524770273628818e-16
generic_non_gibbs_unrelated_H,8,0.15631696161324377,0.9893602639944324,1.4443042707811518,0.058534683160224324
gibbs_eigenvectors_rotated,8,0.0,1.0,1.3610173679818405,0.06518238983695132
incorrect_diagonal_observable_algebra,8,1.0,,4.9122447918007086e-15,1.6048496082401993e-16
generic_non_gibbs_unrelated_H,8,0.18664879805785226,0.9889862910598579,1.6253602158994103,0.060568723015098615
gibbs_eigenvectors_rotated,8,0.0,1.0,1.4698108368088894,0.0661208533418561
incorrect_diagonal_observable_algebra,8,1.0,,5.2607954916789364e-15,2.6071703762640516e-16
generic_non_gibbs_unrelated_H,8,0.04027558516488024,0.9994044766096569,1.5781505140032586,0.05737386938024408
gibbs_eigenvectors_rotated,8,0.03143784772703197,0.999505708703203,1.4753828233982635,0.07494579080291315
incorrect_diagonal_observable_algebra,8,1.0,,4.928840490457849e-15,3.7778990818939505e-16
generic_non_gibbs_unrelated_H,8,0.0,1.0,1.1192661292015877,0.04783330521180866
gibbs_eigenvectors_rotated,8,0.10179051963016926,0.9948058554881047,1.4626071185686103,0.05686061516945895
incorrect_diagonal_observable_algebra,8,1.0,,5.052490322103656e-15,2.1454133296836855e-16
generic_non_gibbs_unrelated_H,8,0.0,1.0,1.527323275596108,0.06219314190079391
gibbs_eigenvectors_rotated,8,0.0,1.0,1.4148021066755443,0.057085781864561466
incorrect_diagonal_observable_algebra,8,1.0,,5.172516866060113e-15,1.8332420898301913e-16
generic_non_gibbs_unrelated_H,8,0.11059545474816346,0.9947466532350531,1.6593836067989327,0.05785636997020397
gibbs_eigenvectors_rotated,8,0.06797988057235672,0.9976866922222468,1.4389585073037214,0.052559791036859246
incorrect_diagonal_observable_algebra,8,1.0,,5.459047517646147e-15,3.465574317318767e-16
generic_non_gibbs_unrelated_H,8,0.2111899554036612,0.9667125623356555,1.2051148327046752,0.05097517420300578
gibbs_eigenvectors_rotated,8,0.0,1.0,1.4480562329798492,0.056617484682240204
incorrect_diagonal_observable_algebra,8,1.0,,3.819608930858769e-15,2.6257309857207615e-16
generic_non_gibbs_unrelated_H,8,0.08874817785623432,0.9953445924693308,1.4411187221284547,0.06888364762942896
gibbs_eigenvectors_rotated,8,0.0,1.0,1.4125985928390834,0.05254929018597698
incorrect_diagonal_observable_algebra,8,1.0,,4.034524349991003e-15,2.3600416714645826e-16
generic_non_gibbs_unrelated_H,8,0.0,1.0,1.4478536273199054,0.073795853991365
gibbs_eigenvectors_rotated,8,0.0,1.0,1.3485179636347489,0.06124713118928117
incorrect_diagonal_observable_algebra,8,1.0,,5.09513715205479e-15,3.54394011153284e-16
generic_non_gibbs_unrelated_H,8,0.06338966126079995,0.9983572066956322,1.5544251181423008,0.07472872073042189
gibbs_eigenvectors_rotated,8,0.0,1.0,1.4646208774402967,0.05612957155883462
incorrect_diagonal_observable_algebra,8,1.0,,4.0211641756211665e-15,2.7228111258714715e-16
generic_non_gibbs_unrelated_H,8,0.2709747710281819,0.9668538677777053,1.413593152500072,0.058967045380048586
gibbs_eigenvectors_rotated,8,0.0,1.0,1.4294584076534873,0.060533873708198314
incorrect_diagonal_observable_algebra,8,1.0,,3.8089575971353746e-15,1.8559101738063735e-16
generic_non_gibbs_unrelated_H,8,0.03645670514300454,0.9992451960633839,1.460452093657755,0.050041986536636184
gibbs_eigenvectors_rotated,8,0.12063537773507793,0.9926968850755578,1.462585816148586,0.054692845574265694
incorrect_diagonal_observable_algebra,8,1.0,,4.4329559318551446e-15,1.5243069393516828e-16
generic_non_gibbs_unrelated_H,8,0.0,1.0,1.4446726616504055,0.0485983047052385
gibbs_eigenvectors_rotated,8,0.0,1.0,1.5276796515222364,0.052764637966908313
incorrect_diagonal_observable_algebra,8,1.0,,4.970993310222223e-15,4.0119139564295804e-16
generic_non_gibbs_unrelated_H,8,0.35904805793295874,0.9365745681725568,1.456405488525716,0.0691143523607783
gibbs_eigenvectors_rotated,8,0.18321933583935393,0.9830720599094381,1.3236100028439857,0.05982676901745306
incorrect_diagonal_observable_algebra,8,1.0,,4.728041672365212e-15,4.093787314078233e-16
generic_non_gibbs_unrelated_H,8,0.0,1.0,1.3597864081828586,0.03130864533291787
gibbs_eigenvectors_rotated,8,0.0793703389787865,0.9968451982581811,1.402442827009708,0.05404705783968004
incorrect_diagonal_observable_algebra,8,1.0,,5.5606963347758165e-15,4.887199581760428e-16
generic_non_gibbs_unrelated_H,8,0.046210713667641186,0.9987287371072658,1.3045137264432767,0.04142228753343851
gibbs_eigenvectors_rotated,8,0.0,1.0,1.4174958646910079,0.06689638718766058
incorrect_diagonal_observable_algebra,8,1.0,,4.831622237824773e-15,2.493939435391571e-16
generic_non_gibbs_unrelated_H,8,0.20853737550795895,0.9865802734073601,1.5776088525963166,0.07843534852954824
gibbs_eigenvectors_rotated,8,0.0,1.0,1.4313348284836938,0.06956559769581182
incorrect_diagonal_observable_algebra,8,1.0,,5.246160356717887e-15,3.053306864747628e-16
generic_non_gibbs_unrelated_H,8,0.0,1.0,1.5063250009342657,0.06283153224451346
gibbs_eigenvectors_rotated,8,0.0,1.0,1.353097010020958,0.0523999978611844
incorrect_diagonal_observable_algebra,8,1.0,,5.612731910785323e-15,3.232350995072347e-16
generic_non_gibbs_unrelated_H,8,0.0,1.0,1.6227618220909972,0.0757273327492344
gibbs_eigenvectors_rotated,8,0.0267105055579264,0.9996432107971523,1.424685816377531,0.06710457082868353
incorrect_diagonal_observable_algebra,8,1.0,,5.187039722000695e-15,2.61175663615696e-16
generic_non_gibbs_unrelated_H,8,0.22907877506577395,0.981594786819535,1.576131370427397,0.05124402133061695
gibbs_eigenvectors_rotated,8,0.17932048658611408,0.9837907110206517,1.362221931579812,0.052860267910441905
incorrect_diagonal_observable_algebra,8,1.0,,4.709980432093032e-15,3.364594437478898e-16
generic_non_gibbs_unrelated_H,8,0.03756900484775008,0.9993961636532632,1.4210200306514922,0.06726472534011364
gibbs_eigenvectors_rotated,8,0.023882310164581557,0.9997147769545086,1.3825703445546487,0.06565340284410855
incorrect_diagonal_observable_algebra,8,1.0,,4.637993008850922e-15,2.050906475626734e-16
generic_non_gibbs_unrelated_H,8,0.0,1.0,1.5550847433254509,0.039917209398888806
gibbs_eigenvectors_rotated,8,0.3293146911254226,0.9442202254818348,1.3115703966054006,0.054587493853458735
incorrect_diagonal_observable_algebra,8,1.0,,4.591255798297878e-15,1.499060275325821e-16
generic_non_gibbs_unrelated_H,8,0.04584978412744048,0.998713313692942,1.4294557137879362,0.04747802440435737
gibbs_eigenvectors_rotated,8,0.1484668896625325,0.9889173790938925,1.3717336721459998,0.058266621826028396
incorrect_diagonal_observable_algebra,8,1.0,,4.766515860286792e-15,2.68089654750954e-16
generic_non_gibbs_unrelated_H,8,0.06134438614250216,0.9982760605995157,1.4362866905889276,0.05861792506624678
gibbs_eigenvectors_rotated,8,0.10855320153953728,0.9940906409556005,1.5549450616811777,0.05549821049208341
incorrect_diagonal_observable_algebra,8,1.0,,5.237018807737333e-15,1.7461448682375838e-16
generic_non_gibbs_unrelated_H,8,0.16112772308655507,0.976343939601056,1.1912895059315087,0.041843888881125335
gibbs_eigenvectors_rotated,8,0.041560070705250994,0.9991360070195522,1.4375583163291807,0.06231541867086652
incorrect_diagonal_observable_algebra,8,1.0,,4.823540869557213e-15,2.411163987654091e-16
generic_non_gibbs_unrelated_H,8,0.0,1.0,1.0544462869845728,0.04451947212003099
gibbs_eigenvectors_rotated,8,0.0,1.0,1.4969818444454197,0.052868708592006416
incorrect_diagonal_observable_algebra,8,1.0,,5.825547265768047e-15,3.3976024644004515e-16
generic_non_gibbs_unrelated_H,8,0.04993586542823631,0.9971871990960057,1.158151639760183,0.04791018532161514
gibbs_eigenvectors_rotated,8,0.0,1.0,1.4162239631120672,0.0648461317578977
incorrect_diagonal_observable_algebra,8,1.0,,5.8934802358885426e-15,3.22331273000867e-16
generic_non_gibbs_unrelated_H,8,0.07899177709572937,0.9980920366866456,1.5027925074887882,0.06154356732622953
gibbs_eigenvectors_rotated,8,0.08471854979684133,0.9964049213649641,1.4070489529655061,0.05687603131375122
incorrect_diagonal_observable_algebra,8,1.0,,4.160188221426223e-15,1.7514142602024528e-16
generic_non_gibbs_unrelated_H,8,0.11850283732059218,0.9966979716072749,1.5764718228689267,0.06052283543707099
gibbs_eigenvectors_rotated,8,0.0,1.0,1.4708796509865754,0.05262042517219571
incorrect_diagonal_observable_algebra,8,1.0,,4.478389487575902e-15,2.985445549628929e-16
generic_non_gibbs_unrelated_H,8,0.07085686077786053,0.9964721557069818,1.2911496086548906,0.04572215364467063
gibbs_eigenvectors_rotated,8,0.0,1.0,1.49032366330012,0.05981897752954596
incorrect_diagonal_observable_algebra,8,1.0,,4.0299697167138835e-15,2.0974297602546757e-16
generic_non_gibbs_unrelated_H,8,0.08544075136048263,0.9955008126308444,1.4084280831929974,0.05290618592757208
gibbs_eigenvectors_rotated,8,0.020450235878733902,0.9997908720590041,1.2945594178495166,0.05613625911476402
incorrect_diagonal_observable_algebra,8,1.0,,3.784609662935728e-15,2.0176629735458439e-16
generic_non_gibbs_unrelated_H,8,0.09392303572322726,0.9960173252054414,1.6317155500994862,0.05274891419260421
gibbs_eigenvectors_rotated,8,0.0,1.0,1.3343399835831578,0.05399806456565227
incorrect_diagonal_observable_algebra,8,1.0,,5.1330165595419106e-15,1.830353072205343e-16
generic_non_gibbs_unrelated_H,8,0.0,1.0,1.3670954793359948,0.05846083107343739
gibbs_eigenvectors_rotated,8,0.0,1.0,1.3410712051765012,0.05389427878781418
incorrect_diagonal_observable_algebra,8,1.0,,4.337124428275445e-15,4.1522385166694106e-16
generic_non_gibbs_unrelated_H,8,0.0,1.0,1.4508308390933666,0.061154000042768074
gibbs_eigenvectors_rotated,8,0.0,1.0,1.523580994945966,0.06711845260715885
incorrect_diagonal_observable_algebra,8,1.0,,4.654400740912854e-15,3.8925263565799804e-16
generic_non_gibbs_unrelated_H,8,0.01850502954092812,0.9997939910265711,1.3554202849132384,0.05664864167762105
gibbs_eigenvectors_rotated,8,0.0,1.0,1.4474947170511592,0.06663850843024455
incorrect_diagonal_observable_algebra,8,1.0,,6.954373684347509e-15,2.3786082763263713e-16
generic_non_gibbs_unrelated_H,8,0.0,1.0,1.3818685915738012,0.04971074688376363
gibbs_eigenvectors_rotated,8,0.11591265534844816,0.9932594103908966,1.3791913705280927,0.05774171658159215
incorrect_diagonal_observable_algebra,8,1.0,,5.111474599808118e-15,2.6412333827214093e-16
generic_non_gibbs_unrelated_H,8,0.0,1.0,1.46160049475915,0.048668842945132754
gibbs_eigenvectors_rotated,8,0.0226257584370969,0.9997440047607921,1.3185920344293873,0.057164251866104875
incorrect_diagonal_observable_algebra,8,1.0,,4.438921971078055e-15,2.9185765336079373e-16
generic_non_gibbs_unrelated_H,8,0.0,1.0,1.500316359435818,0.07164396267284315
gibbs_eigenvectors_rotated,8,0.0,1.0,1.4801687371935803,0.06343463347358887
incorrect_diagonal_observable_algebra,8,1.0,,4.062647546025748e-15,2.271144359275272e-16
