seed,world,n_nodes,reachability_precision,reachability_recall,reachability_F1,Kendall_tau_when_total_order_exists,true_cycle,cycle_detected,cycle_detection_correct,false_total_order,causal_reachability_baseline_F1,spectral_seriation_returned_order,node_labels_randomized,storage_order_randomized,input_has_timestamp,input_has_sample_index,input_has_true_topological_order,estimator_equals_standard_reachability,stage
0,linear_DAG,4,1.0,1.0,1.0,1.0,False,False,True,False,1.0,True,True,True,False,False,False,True,development
0,nonlinear_DAG,4,1.0,1.0,1.0,,False,False,True,False,1.0,True,True,True,False,False,False,True,development
0,branching_DAG,4,1.0,1.0,1.0,,False,False,True,False,1.0,True,True,True,False,False,False,True,development
0,mediated_chain,4,1.0,1.0,1.0,1.0,False,False,True,False,1.0,True,True,True,False,False,False,True,development
0,common_driver,4,1.0,1.0,1.0,,False,False,True,False,1.0,True,True,True,False,False,False,True,development
0,disconnected_components,4,1.0,1.0,1.0,,False,False,True,False,1.0,True,True,True,False,False,False,True,development
0,feedback_pair,4,1.0,1.0,1.0,,True,True,True,False,1.0,True,True,True,False,False,False,True,development
0,directed_cycle,4,1.0,1.0,1.0,,True,True,True,False,1.0,True,True,True,False,False,False,True,development
1,linear_DAG,8,1.0,1.0,1.0,1.0,False,False,True,False,1.0,True,True,True,False,False,False,True,development
1,nonlinear_DAG,8,1.0,1.0,1.0,,False,False,True,False,1.0,True,True,True,False,False,False,True,development
1,branching_DAG,8,1.0,1.0,1.0,,False,False,True,False,1.0,True,True,True,False,False,False,True,development
1,mediated_chain,8,1.0,1.0,1.0,1.0,False,False,True,False,1.0,True,True,True,False,False,False,True,development
1,common_driver,8,1.0,1.0,1.0,,False,False,True,False,1.0,True,True,True,False,False,False,True,development
1,disconnected_components,8,1.0,1.0,1.0,,False,False,True,False,1.0,True,True,True,False,False,False,True,development
1,feedback_pair,8,1.0,1.0,1.0,,True,True,True,False,1.0,True,True,True,False,False,False,True,development
1,directed_cycle,8,1.0,1.0,1.0,,True,True,True,False,1.0,True,True,True,False,False,False,True,development
2,linear_DAG,16,1.0,1.0,1.0,1.0,False,False,True,False,1.0,True,True,True,False,False,False,True,development
2,nonlinear_DAG,16,1.0,1.0,1.0,,False,False,True,False,1.0,True,True,True,False,False,False,True,development
2,branching_DAG,16,1.0,1.0,1.0,,False,False,True,False,1.0,True,True,True,False,False,False,True,development
2,mediated_chain,16,1.0,1.0,1.0,1.0,False,False,True,False,1.0,True,True,True,False,False,False,True,development
2,common_driver,16,1.0,1.0,1.0,,False,False,True,False,1.0,True,True,True,False,False,False,True,development
2,disconnected_components,16,1.0,1.0,1.0,,False,False,True,False,1.0,True,True,True,False,False,False,True,development
2,feedback_pair,16,1.0,1.0,1.0,,True,True,True,False,1.0,True,True,True,False,False,False,True,development
2,directed_cycle,16,1.0,1.0,1.0,,True,True,True,False,1.0,True,True,True,False,False,False,True,development
3,linear_DAG,32,1.0,1.0,1.0,1.0,False,False,True,False,1.0,True,True,True,False,False,False,True,development
3,nonlinear_DAG,32,1.0,1.0,1.0,,False,False,True,False,1.0,True,True,True,False,False,False,True,development
3,branching_DAG,32,1.0,1.0,1.0,,False,False,True,False,1.0,True,True,True,False,False,False,True,development
3,mediated_chain,32,1.0,1.0,1.0,1.0,False,False,True,False,1.0,True,True,True,False,False,False,True,development
3,common_driver,32,1.0,1.0,1.0,,False,False,True,False,1.0,True,True,True,False,False,False,True,development
3,disconnected_components,32,1.0,1.0,1.0,,False,False,True,False,1.0,True,True,True,False,False,False,True,development
3,feedback_pair,32,1.0,1.0,1.0,,True,True,True,False,1.0,True,True,True,False,False,False,True,development
3,directed_cycle,32,1.0,1.0,1.0,,True,True,True,False,1.0,True,True,True,False,False,False,True,development
4,linear_DAG,4,1.0,1.0,1.0,1.0,False,False,True,False,1.0,True,True,True,False,False,False,True,development
4,nonlinear_DAG,4,1.0,1.0,1.0,,False,False,True,False,1.0,True,True,True,False,False,False,True,development
4,branching_DAG,4,1.0,1.0,1.0,,False,False,True,False,1.0,True,True,True,False,False,False,True,development
4,mediated_chain,4,1.0,1.0,1.0,1.0,False,False,True,False,1.0,True,True,True,False,False,False,True,development
4,common_driver,4,1.0,1.0,1.0,,False,False,True,False,1.0,True,True,True,False,False,False,True,development
4,disconnected_components,4,1.0,1.0,1.0,,False,False,True,False,1.0,True,True,True,False,False,False,True,development
4,feedback_pair,4,1.0,1.0,1.0,,True,True,True,False,1.0,True,True,True,False,False,False,True,development
4,directed_cycle,4,1.0,1.0,1.0,,True,True,True,False,1.0,True,True,True,False,False,False,True,development
5,linear_DAG,8,1.0,1.0,1.0,1.0,False,False,True,False,1.0,True,True,True,False,False,False,True,development
5,nonlinear_DAG,8,1.0,1.0,1.0,,False,False,True,False,1.0,True,True,True,False,False,False,True,development
5,branching_DAG,8,1.0,1.0,1.0,,False,False,True,False,1.0,True,True,True,False,False,False,True,development
5,mediated_chain,8,1.0,1.0,1.0,1.0,False,False,True,False,1.0,True,True,True,False,False,False,True,development
5,common_driver,8,1.0,1.0,1.0,,False,False,True,False,1.0,True,True,True,False,False,False,True,development
5,disconnected_components,8,1.0,1.0,1.0,,False,False,True,False,1.0,True,True,True,False,False,False,True,development
5,feedback_pair,8,1.0,1.0,1.0,,True,True,True,False,1.0,True,True,True,False,False,False,True,development
5,directed_cycle,8,1.0,1.0,1.0,,True,True,True,False,1.0,True,True,True,False,False,False,True,development
6,linear_DAG,16,1.0,1.0,1.0,1.0,False,False,True,False,1.0,True,True,True,False,False,False,True,development
6,nonlinear_DAG,16,1.0,1.0,1.0,,False,False,True,False,1.0,True,True,True,False,False,False,True,development
6,branching_DAG,16,1.0,1.0,1.0,,False,False,True,False,1.0,True,True,True,False,False,False,True,development
6,mediated_chain,16,1.0,1.0,1.0,1.0,False,False,True,False,1.0,True,True,True,False,False,False,True,development
6,common_driver,16,1.0,1.0,1.0,,False,False,True,False,1.0,True,True,True,False,False,False,True,development
6,disconnected_components,16,1.0,1.0,1.0,,False,False,True,False,1.0,True,True,True,False,False,False,True,development
6,feedback_pair,16,1.0,1.0,1.0,,True,True,True,False,1.0,True,True,True,False,False,False,True,development
6,directed_cycle,16,1.0,1.0,1.0,,True,True,True,False,1.0,True,True,True,False,False,False,True,development
7,linear_DAG,32,1.0,1.0,1.0,1.0,False,False,True,False,1.0,True,True,True,False,False,False,True,development
7,nonlinear_DAG,32,1.0,1.0,1.0,,False,False,True,False,1.0,True,True,True,False,False,False,True,development
7,branching_DAG,32,1.0,1.0,1.0,,False,False,True,False,1.0,True,True,True,False,False,False,True,development
7,mediated_chain,32,1.0,1.0,1.0,1.0,False,False,True,False,1.0,True,True,True,False,False,False,True,development
7,common_driver,32,1.0,1.0,1.0,,False,False,True,False,1.0,True,True,True,False,False,False,True,development
7,disconnected_components,32,1.0,1.0,1.0,,False,False,True,False,1.0,True,True,True,False,False,False,True,development
7,feedback_pair,32,1.0,1.0,1.0,,True,True,True,False,1.0,True,True,True,False,False,False,True,development
7,directed_cycle,32,1.0,1.0,1.0,,True,True,True,False,1.0,True,True,True,False,False,False,True,development
8,linear_DAG,4,1.0,1.0,1.0,1.0,False,False,True,False,1.0,True,True,True,False,False,False,True,development
8,nonlinear_DAG,4,1.0,1.0,1.0,,False,False,True,False,1.0,True,True,True,False,False,False,True,development
8,branching_DAG,4,1.0,1.0,1.0,,False,False,True,False,1.0,True,True,True,False,False,False,True,development
8,mediated_chain,4,1.0,1.0,1.0,1.0,False,False,True,False,1.0,True,True,True,False,False,False,True,development
8,common_driver,4,1.0,1.0,1.0,,False,False,True,False,1.0,True,True,True,False,False,False,True,development
8,disconnected_components,4,1.0,1.0,1.0,,False,False,True,False,1.0,True,True,True,False,False,False,True,development
8,feedback_pair,4,1.0,1.0,1.0,,True,True,True,False,1.0,True,True,True,False,False,False,True,development
8,directed_cycle,4,1.0,1.0,1.0,,True,True,True,False,1.0,True,True,True,False,False,False,True,development
9,linear_DAG,8,1.0,1.0,1.0,1.0,False,False,True,False,1.0,True,True,True,False,False,False,True,development
9,nonlinear_DAG,8,1.0,1.0,1.0,,False,False,True,False,1.0,True,True,True,False,False,False,True,development
9,branching_DAG,8,1.0,1.0,1.0,,False,False,True,False,1.0,True,True,True,False,False,False,True,development
9,mediated_chain,8,1.0,1.0,1.0,1.0,False,False,True,False,1.0,True,True,True,False,False,False,True,development
9,common_driver,8,1.0,1.0,1.0,,False,False,True,False,1.0,True,True,True,False,False,False,True,development
9,disconnected_components,8,1.0,1.0,1.0,,False,False,True,False,1.0,True,True,True,False,False,False,True,development
9,feedback_pair,8,1.0,1.0,1.0,,True,True,True,False,1.0,True,True,True,False,False,False,True,development
9,directed_cycle,8,1.0,1.0,1.0,,True,True,True,False,1.0,True,True,True,False,False,False,True,development
10,linear_DAG,16,1.0,1.0,1.0,1.0,False,False,True,False,1.0,True,True,True,False,False,False,True,development
10,nonlinear_DAG,16,1.0,1.0,1.0,,False,False,True,False,1.0,True,True,True,False,False,False,True,development
10,branching_DAG,16,1.0,1.0,1.0,,False,False,True,False,1.0,True,True,True,False,False,False,True,development
10,mediated_chain,16,1.0,1.0,1.0,1.0,False,False,True,False,1.0,True,True,True,False,False,False,True,development
10,common_driver,16,1.0,1.0,1.0,,False,False,True,False,1.0,True,True,True,False,False,False,True,development
10,disconnected_components,16,1.0,1.0,1.0,,False,False,True,False,1.0,True,True,True,False,False,False,True,development
10,feedback_pair,16,1.0,1.0,1.0,,True,True,True,False,1.0,True,True,True,False,False,False,True,development
10,directed_cycle,16,1.0,1.0,1.0,,True,True,True,False,1.0,True,True,True,False,False,False,True,development
11,linear_DAG,32,1.0,1.0,1.0,1.0,False,False,True,False,1.0,True,True,True,False,False,False,True,development
11,nonlinear_DAG,32,1.0,1.0,1.0,,False,False,True,False,1.0,True,True,True,False,False,False,True,development
11,branching_DAG,32,1.0,1.0,1.0,,False,False,True,False,1.0,True,True,True,False,False,False,True,development
11,mediated_chain,32,1.0,1.0,1.0,1.0,False,False,True,False,1.0,True,True,True,False,False,False,True,development
11,common_driver,32,1.0,1.0,1.0,,False,False,True,False,1.0,True,True,True,False,False,False,True,development
11,disconnected_components,32,1.0,1.0,1.0,,False,False,True,False,1.0,True,True,True,False,False,False,True,development
11,feedback_pair,32,1.0,1.0,1.0,,True,True,True,False,1.0,True,True,True,False,False,False,True,development
11,directed_cycle,32,1.0,1.0,1.0,,True,True,True,False,1.0,True,True,True,False,False,False,True,development
12,linear_DAG,4,1.0,1.0,1.0,1.0,False,False,True,False,1.0,True,True,True,False,False,False,True,development
12,nonlinear_DAG,4,1.0,1.0,1.0,,False,False,True,False,1.0,True,True,True,False,False,False,True,development
12,branching_DAG,4,1.0,1.0,1.0,,False,False,True,False,1.0,True,True,True,False,False,False,True,development
12,mediated_chain,4,1.0,1.0,1.0,1.0,False,False,True,False,1.0,True,True,True,False,False,False,True,development
12,common_driver,4,1.0,1.0,1.0,,False,False,True,False,1.0,True,True,True,False,False,False,True,development
12,disconnected_components,4,1.0,1.0,1.0,,False,False,True,False,1.0,True,True,True,False,False,False,True,development
12,feedback_pair,4,1.0,1.0,1.0,,True,True,True,False,1.0,True,True,True,False,False,False,True,development
12,directed_cycle,4,1.0,1.0,1.0,,True,True,True,False,1.0,True,True,True,False,False,False,True,development
13,linear_DAG,8,1.0,1.0,1.0,1.0,False,False,True,False,1.0,True,True,True,False,False,False,True,development
13,nonlinear_DAG,8,1.0,1.0,1.0,,False,False,True,False,1.0,True,True,True,False,False,False,True,development
13,branching_DAG,8,1.0,1.0,1.0,,False,False,True,False,1.0,True,True,True,False,False,False,True,development
13,mediated_chain,8,1.0,1.0,1.0,1.0,False,False,True,False,1.0,True,True,True,False,False,False,True,development
13,common_driver,8,1.0,1.0,1.0,,False,False,True,False,1.0,True,True,True,False,False,False,True,development
13,disconnected_components,8,1.0,1.0,1.0,,False,False,True,False,1.0,True,True,True,False,False,False,True,development
13,feedback_pair,8,1.0,1.0,1.0,,True,True,True,False,1.0,True,True,True,False,False,False,True,development
13,directed_cycle,8,1.0,1.0,1.0,,True,True,True,False,1.0,True,True,True,False,False,False,True,development
14,linear_DAG,16,1.0,1.0,1.0,1.0,False,False,True,False,1.0,True,True,True,False,False,False,True,development
14,nonlinear_DAG,16,1.0,1.0,1.0,,False,False,True,False,1.0,True,True,True,False,False,False,True,development
14,branching_DAG,16,1.0,1.0,1.0,,False,False,True,False,1.0,True,True,True,False,False,False,True,development
14,mediated_chain,16,1.0,1.0,1.0,1.0,False,False,True,False,1.0,True,True,True,False,False,False,True,development
14,common_driver,16,1.0,1.0,1.0,,False,False,True,False,1.0,True,True,True,False,False,False,True,development
14,disconnected_components,16,1.0,1.0,1.0,,False,False,True,False,1.0,True,True,True,False,False,False,True,development
14,feedback_pair,16,1.0,1.0,1.0,,True,True,True,False,1.0,True,True,True,False,False,False,True,development
14,directed_cycle,16,1.0,1.0,1.0,,True,True,True,False,1.0,True,True,True,False,False,False,True,development
15,linear_DAG,32,1.0,1.0,1.0,1.0,False,False,True,False,1.0,True,True,True,False,False,False,True,development
15,nonlinear_DAG,32,1.0,1.0,1.0,,False,False,True,False,1.0,True,True,True,False,False,False,True,development
15,branching_DAG,32,1.0,1.0,1.0,,False,False,True,False,1.0,True,True,True,False,False,False,True,development
15,mediated_chain,32,1.0,1.0,1.0,1.0,False,False,True,False,1.0,True,True,True,False,False,False,True,development
15,common_driver,32,1.0,1.0,1.0,,False,False,True,False,1.0,True,True,True,False,False,False,True,development
15,disconnected_components,32,1.0,1.0,1.0,,False,False,True,False,1.0,True,True,True,False,False,False,True,development
15,feedback_pair,32,1.0,1.0,1.0,,True,True,True,False,1.0,True,True,True,False,False,False,True,development
15,directed_cycle,32,1.0,1.0,1.0,,True,True,True,False,1.0,True,True,True,False,False,False,True,development
16,linear_DAG,4,1.0,1.0,1.0,1.0,False,False,True,False,1.0,True,True,True,False,False,False,True,development
16,nonlinear_DAG,4,1.0,1.0,1.0,,False,False,True,False,1.0,True,True,True,False,False,False,True,development
16,branching_DAG,4,1.0,1.0,1.0,,False,False,True,False,1.0,True,True,True,False,False,False,True,development
16,mediated_chain,4,1.0,1.0,1.0,1.0,False,False,True,False,1.0,True,True,True,False,False,False,True,development
16,common_driver,4,1.0,1.0,1.0,,False,False,True,False,1.0,True,True,True,False,False,False,True,development
16,disconnected_components,4,1.0,1.0,1.0,,False,False,True,False,1.0,True,True,True,False,False,False,True,development
16,feedback_pair,4,1.0,1.0,1.0,,True,True,True,False,1.0,True,True,True,False,False,False,True,development
16,directed_cycle,4,1.0,1.0,1.0,,True,True,True,False,1.0,True,True,True,False,False,False,True,development
17,linear_DAG,8,1.0,1.0,1.0,1.0,False,False,True,False,1.0,True,True,True,False,False,False,True,development
17,nonlinear_DAG,8,1.0,1.0,1.0,,False,False,True,False,1.0,True,True,True,False,False,False,True,development
17,branching_DAG,8,1.0,1.0,1.0,,False,False,True,False,1.0,True,True,True,False,False,False,True,development
17,mediated_chain,8,1.0,1.0,1.0,1.0,False,False,True,False,1.0,True,True,True,False,False,False,True,development
17,common_driver,8,1.0,1.0,1.0,,False,False,True,False,1.0,True,True,True,False,False,False,True,development
17,disconnected_components,8,1.0,1.0,1.0,,False,False,True,False,1.0,True,True,True,False,False,False,True,development
17,feedback_pair,8,1.0,1.0,1.0,,True,True,True,False,1.0,True,True,True,False,False,False,True,development
17,directed_cycle,8,1.0,1.0,1.0,,True,True,True,False,1.0,True,True,True,False,False,False,True,development
18,linear_DAG,16,1.0,1.0,1.0,1.0,False,False,True,False,1.0,True,True,True,False,False,False,True,development
18,nonlinear_DAG,16,1.0,1.0,1.0,,False,False,True,False,1.0,True,True,True,False,False,False,True,development
18,branching_DAG,16,1.0,1.0,1.0,,False,False,True,False,1.0,True,True,True,False,False,False,True,development
18,mediated_chain,16,1.0,1.0,1.0,1.0,False,False,True,False,1.0,True,True,True,False,False,False,True,development
18,common_driver,16,1.0,1.0,1.0,,False,False,True,False,1.0,True,True,True,False,False,False,True,development
18,disconnected_components,16,1.0,1.0,1.0,,False,False,True,False,1.0,True,True,True,False,False,False,True,development
18,feedback_pair,16,1.0,1.0,1.0,,True,True,True,False,1.0,True,True,True,False,False,False,True,development
18,directed_cycle,16,1.0,1.0,1.0,,True,True,True,False,1.0,True,True,True,False,False,False,True,development
19,linear_DAG,32,1.0,1.0,1.0,1.0,False,False,True,False,1.0,True,True,True,False,False,False,True,development
19,nonlinear_DAG,32,1.0,1.0,1.0,,False,False,True,False,1.0,True,True,True,False,False,False,True,development
19,branching_DAG,32,1.0,1.0,1.0,,False,False,True,False,1.0,True,True,True,False,False,False,True,development
19,mediated_chain,32,1.0,1.0,1.0,1.0,False,False,True,False,1.0,True,True,True,False,False,False,True,development
19,common_driver,32,1.0,1.0,1.0,,False,False,True,False,1.0,True,True,True,False,False,False,True,development
19,disconnected_components,32,1.0,1.0,1.0,,False,False,True,False,1.0,True,True,True,False,False,False,True,development
19,feedback_pair,32,1.0,1.0,1.0,,True,True,True,False,1.0,True,True,True,False,False,False,True,development
19,directed_cycle,32,1.0,1.0,1.0,,True,True,True,False,1.0,True,True,True,False,False,False,True,development
20,linear_DAG,4,1.0,1.0,1.0,1.0,False,False,True,False,1.0,True,True,True,False,False,False,True,development
20,nonlinear_DAG,4,1.0,1.0,1.0,,False,False,True,False,1.0,True,True,True,False,False,False,True,development
20,branching_DAG,4,1.0,1.0,1.0,,False,False,True,False,1.0,True,True,True,False,False,False,True,development
20,mediated_chain,4,1.0,1.0,1.0,1.0,False,False,True,False,1.0,True,True,True,False,False,False,True,development
20,common_driver,4,1.0,1.0,1.0,,False,False,True,False,1.0,True,True,True,False,False,False,True,development
20,disconnected_components,4,1.0,1.0,1.0,,False,False,True,False,1.0,True,True,True,False,False,False,True,development
20,feedback_pair,4,1.0,1.0,1.0,,True,True,True,False,1.0,True,True,True,False,False,False,True,development
20,directed_cycle,4,1.0,1.0,1.0,,True,True,True,False,1.0,True,True,True,False,False,False,True,development
21,linear_DAG,8,1.0,1.0,1.0,1.0,False,False,True,False,1.0,True,True,True,False,False,False,True,development
21,nonlinear_DAG,8,1.0,1.0,1.0,,False,False,True,False,1.0,True,True,True,False,False,False,True,development
21,branching_DAG,8,1.0,1.0,1.0,,False,False,True,False,1.0,True,True,True,False,False,False,True,development
21,mediated_chain,8,1.0,1.0,1.0,1.0,False,False,True,False,1.0,True,True,True,False,False,False,True,development
21,common_driver,8,1.0,1.0,1.0,,False,False,True,False,1.0,True,True,True,False,False,False,True,development
21,disconnected_components,8,1.0,1.0,1.0,,False,False,True,False,1.0,True,True,True,False,False,False,True,development
21,feedback_pair,8,1.0,1.0,1.0,,True,True,True,False,1.0,True,True,True,False,False,False,True,development
21,directed_cycle,8,1.0,1.0,1.0,,True,True,True,False,1.0,True,True,True,False,False,False,True,development
22,linear_DAG,16,1.0,1.0,1.0,1.0,False,False,True,False,1.0,True,True,True,False,False,False,True,development
22,nonlinear_DAG,16,1.0,1.0,1.0,,False,False,True,False,1.0,True,True,True,False,False,False,True,development
22,branching_DAG,16,1.0,1.0,1.0,,False,False,True,False,1.0,True,True,True,False,False,False,True,development
22,mediated_chain,16,1.0,1.0,1.0,1.0,False,False,True,False,1.0,True,True,True,False,False,False,True,development
22,common_driver,16,1.0,1.0,1.0,,False,False,True,False,1.0,True,True,True,False,False,False,True,development
22,disconnected_components,16,1.0,1.0,1.0,,False,False,True,False,1.0,True,True,True,False,False,False,True,development
22,feedback_pair,16,1.0,1.0,1.0,,True,True,True,False,1.0,True,True,True,False,False,False,True,development
22,directed_cycle,16,1.0,1.0,1.0,,True,True,True,False,1.0,True,True,True,False,False,False,True,development
23,linear_DAG,32,1.0,1.0,1.0,1.0,False,False,True,False,1.0,True,True,True,False,False,False,True,development
23,nonlinear_DAG,32,1.0,1.0,1.0,,False,False,True,False,1.0,True,True,True,False,False,False,True,development
23,branching_DAG,32,1.0,1.0,1.0,,False,False,True,False,1.0,True,True,True,False,False,False,True,development
23,mediated_chain,32,1.0,1.0,1.0,1.0,False,False,True,False,1.0,True,True,True,False,False,False,True,development
23,common_driver,32,1.0,1.0,1.0,,False,False,True,False,1.0,True,True,True,False,False,False,True,development
23,disconnected_components,32,1.0,1.0,1.0,,False,False,True,False,1.0,True,True,True,False,False,False,True,development
23,feedback_pair,32,1.0,1.0,1.0,,True,True,True,False,1.0,True,True,True,False,False,False,True,development
23,directed_cycle,32,1.0,1.0,1.0,,True,True,True,False,1.0,True,True,True,False,False,False,True,development
24,linear_DAG,4,1.0,1.0,1.0,1.0,False,False,True,False,1.0,True,True,True,False,False,False,True,development
24,nonlinear_DAG,4,1.0,1.0,1.0,,False,False,True,False,1.0,True,True,True,False,False,False,True,development
24,branching_DAG,4,1.0,1.0,1.0,,False,False,True,False,1.0,True,True,True,False,False,False,True,development
24,mediated_chain,4,1.0,1.0,1.0,1.0,False,False,True,False,1.0,True,True,True,False,False,False,True,development
24,common_driver,4,1.0,1.0,1.0,,False,False,True,False,1.0,True,True,True,False,False,False,True,development
24,disconnected_components,4,1.0,1.0,1.0,,False,False,True,False,1.0,True,True,True,False,False,False,True,development
24,feedback_pair,4,1.0,1.0,1.0,,True,True,True,False,1.0,True,True,True,False,False,False,True,development
24,directed_cycle,4,1.0,1.0,1.0,,True,True,True,False,1.0,True,True,True,False,False,False,True,development
25,linear_DAG,8,1.0,1.0,1.0,1.0,False,False,True,False,1.0,True,True,True,False,False,False,True,development
25,nonlinear_DAG,8,1.0,1.0,1.0,,False,False,True,False,1.0,True,True,True,False,False,False,True,development
25,branching_DAG,8,1.0,1.0,1.0,,False,False,True,False,1.0,True,True,True,False,False,False,True,development
25,mediated_chain,8,1.0,1.0,1.0,1.0,False,False,True,False,1.0,True,True,True,False,False,False,True,development
25,common_driver,8,1.0,1.0,1.0,,False,False,True,False,1.0,True,True,True,False,False,False,True,development
25,disconnected_components,8,1.0,1.0,1.0,,False,False,True,False,1.0,True,True,True,False,False,False,True,development
25,feedback_pair,8,1.0,1.0,1.0,,True,True,True,False,1.0,True,True,True,False,False,False,True,development
25,directed_cycle,8,1.0,1.0,1.0,,True,True,True,False,1.0,True,True,True,False,False,False,True,development
26,linear_DAG,16,1.0,1.0,1.0,1.0,False,False,True,False,1.0,True,True,True,False,False,False,True,development
26,nonlinear_DAG,16,1.0,1.0,1.0,,False,False,True,False,1.0,True,True,True,False,False,False,True,development
26,branching_DAG,16,1.0,1.0,1.0,,False,False,True,False,1.0,True,True,True,False,False,False,True,development
26,mediated_chain,16,1.0,1.0,1.0,1.0,False,False,True,False,1.0,True,True,True,False,False,False,True,development
26,common_driver,16,1.0,1.0,1.0,,False,False,True,False,1.0,True,True,True,False,False,False,True,development
26,disconnected_components,16,1.0,1.0,1.0,,False,False,True,False,1.0,True,True,True,False,False,False,True,development
26,feedback_pair,16,1.0,1.0,1.0,,True,True,True,False,1.0,True,True,True,False,False,False,True,development
26,directed_cycle,16,1.0,1.0,1.0,,True,True,True,False,1.0,True,True,True,False,False,False,True,development
27,linear_DAG,32,1.0,1.0,1.0,1.0,False,False,True,False,1.0,True,True,True,False,False,False,True,development
27,nonlinear_DAG,32,1.0,1.0,1.0,,False,False,True,False,1.0,True,True,True,False,False,False,True,development
27,branching_DAG,32,1.0,1.0,1.0,,False,False,True,False,1.0,True,True,True,False,False,False,True,development
27,mediated_chain,32,1.0,1.0,1.0,1.0,False,False,True,False,1.0,True,True,True,False,False,False,True,development
27,common_driver,32,1.0,1.0,1.0,,False,False,True,False,1.0,True,True,True,False,False,False,True,development
27,disconnected_components,32,1.0,1.0,1.0,,False,False,True,False,1.0,True,True,True,False,False,False,True,development
27,feedback_pair,32,1.0,1.0,1.0,,True,True,True,False,1.0,True,True,True,False,False,False,True,development
27,directed_cycle,32,1.0,1.0,1.0,,True,True,True,False,1.0,True,True,True,False,False,False,True,development
28,linear_DAG,4,1.0,1.0,1.0,1.0,False,False,True,False,1.0,True,True,True,False,False,False,True,development
28,nonlinear_DAG,4,1.0,1.0,1.0,,False,False,True,False,1.0,True,True,True,False,False,False,True,development
28,branching_DAG,4,1.0,1.0,1.0,,False,False,True,False,1.0,True,True,True,False,False,False,True,development
28,mediated_chain,4,1.0,1.0,1.0,1.0,False,False,True,False,1.0,True,True,True,False,False,False,True,development
28,common_driver,4,1.0,1.0,1.0,,False,False,True,False,1.0,True,True,True,False,False,False,True,development
28,disconnected_components,4,1.0,1.0,1.0,,False,False,True,False,1.0,True,True,True,False,False,False,True,development
28,feedback_pair,4,1.0,1.0,1.0,,True,True,True,False,1.0,True,True,True,False,False,False,True,development
28,directed_cycle,4,1.0,1.0,1.0,,True,True,True,False,1.0,True,True,True,False,False,False,True,development
29,linear_DAG,8,1.0,1.0,1.0,1.0,False,False,True,False,1.0,True,True,True,False,False,False,True,development
29,nonlinear_DAG,8,1.0,1.0,1.0,,False,False,True,False,1.0,True,True,True,False,False,False,True,development
29,branching_DAG,8,1.0,1.0,1.0,,False,False,True,False,1.0,True,True,True,False,False,False,True,development
29,mediated_chain,8,1.0,1.0,1.0,1.0,False,False,True,False,1.0,True,True,True,False,False,False,True,development
29,common_driver,8,1.0,1.0,1.0,,False,False,True,False,1.0,True,True,True,False,False,False,True,development
29,disconnected_components,8,1.0,1.0,1.0,,False,False,True,False,1.0,True,True,True,False,False,False,True,development
29,feedback_pair,8,1.0,1.0,1.0,,True,True,True,False,1.0,True,True,True,False,False,False,True,development
29,directed_cycle,8,1.0,1.0,1.0,,True,True,True,False,1.0,True,True,True,False,False,False,True,development
1000,linear_DAG,4,1.0,1.0,1.0,1.0,False,False,True,False,1.0,True,True,True,False,False,False,True,validation
1000,nonlinear_DAG,4,1.0,1.0,1.0,,False,False,True,False,1.0,True,True,True,False,False,False,True,validation
1000,branching_DAG,4,1.0,1.0,1.0,,False,False,True,False,1.0,True,True,True,False,False,False,True,validation
1000,mediated_chain,4,1.0,1.0,1.0,1.0,False,False,True,False,1.0,True,True,True,False,False,False,True,validation
1000,common_driver,4,1.0,1.0,1.0,,False,False,True,False,1.0,True,True,True,False,False,False,True,validation
1000,disconnected_components,4,1.0,1.0,1.0,,False,False,True,False,1.0,True,True,True,False,False,False,True,validation
1000,feedback_pair,4,1.0,1.0,1.0,,True,True,True,False,1.0,True,True,True,False,False,False,True,validation
1000,directed_cycle,4,1.0,1.0,1.0,,True,True,True,False,1.0,True,True,True,False,False,False,True,validation
1001,linear_DAG,8,1.0,1.0,1.0,1.0,False,False,True,False,1.0,True,True,True,False,False,False,True,validation
1001,nonlinear_DAG,8,1.0,1.0,1.0,,False,False,True,False,1.0,True,True,True,False,False,False,True,validation
1001,branching_DAG,8,1.0,1.0,1.0,,False,False,True,False,1.0,True,True,True,False,False,False,True,validation
1001,mediated_chain,8,1.0,1.0,1.0,1.0,False,False,True,False,1.0,True,True,True,False,False,False,True,validation
1001,common_driver,8,1.0,1.0,1.0,,False,False,True,False,1.0,True,True,True,False,False,False,True,validation
1001,disconnected_components,8,1.0,1.0,1.0,,False,False,True,False,1.0,True,True,True,False,False,False,True,validation
1001,feedback_pair,8,1.0,1.0,1.0,,True,True,True,False,1.0,True,True,True,False,False,False,True,validation
1001,directed_cycle,8,1.0,1.0,1.0,,True,True,True,False,1.0,True,True,True,False,False,False,True,validation
1002,linear_DAG,16,1.0,1.0,1.0,1.0,False,False,True,False,1.0,True,True,True,False,False,False,True,validation
1002,nonlinear_DAG,16,1.0,1.0,1.0,,False,False,True,False,1.0,True,True,True,False,False,False,True,validation
1002,branching_DAG,16,1.0,1.0,1.0,,False,False,True,False,1.0,True,True,True,False,False,False,True,validation
1002,mediated_chain,16,1.0,1.0,1.0,1.0,False,False,True,False,1.0,True,True,True,False,False,False,True,validation
1002,common_driver,16,1.0,1.0,1.0,,False,False,True,False,1.0,True,True,True,False,False,False,True,validation
1002,disconnected_components,16,1.0,1.0,1.0,,False,False,True,False,1.0,True,True,True,False,False,False,True,validation
1002,feedback_pair,16,1.0,1.0,1.0,,True,True,True,False,1.0,True,True,True,False,False,False,True,validation
1002,directed_cycle,16,1.0,1.0,1.0,,True,True,True,False,1.0,True,True,True,False,False,False,True,validation
1003,linear_DAG,32,1.0,1.0,1.0,1.0,False,False,True,False,1.0,True,True,True,False,False,False,True,validation
1003,nonlinear_DAG,32,1.0,1.0,1.0,,False,False,True,False,1.0,True,True,True,False,False,False,True,validation
1003,branching_DAG,32,1.0,1.0,1.0,,False,False,True,False,1.0,True,True,True,False,False,False,True,validation
1003,mediated_chain,32,1.0,1.0,1.0,1.0,False,False,True,False,1.0,True,True,True,False,False,False,True,validation
1003,common_driver,32,1.0,1.0,1.0,,False,False,True,False,1.0,True,True,True,False,False,False,True,validation
1003,disconnected_components,32,1.0,1.0,1.0,,False,False,True,False,1.0,True,True,True,False,False,False,True,validation
1003,feedback_pair,32,1.0,1.0,1.0,,True,True,True,False,1.0,True,True,True,False,False,False,True,validation
1003,directed_cycle,32,1.0,1.0,1.0,,True,True,True,False,1.0,True,True,True,False,False,False,True,validation
1004,linear_DAG,4,1.0,1.0,1.0,1.0,False,False,True,False,1.0,True,True,True,False,False,False,True,validation
1004,nonlinear_DAG,4,1.0,1.0,1.0,,False,False,True,False,1.0,True,True,True,False,False,False,True,validation
1004,branching_DAG,4,1.0,1.0,1.0,,False,False,True,False,1.0,True,True,True,False,False,False,True,validation
1004,mediated_chain,4,1.0,1.0,1.0,1.0,False,False,True,False,1.0,True,True,True,False,False,False,True,validation
1004,common_driver,4,1.0,1.0,1.0,,False,False,True,False,1.0,True,True,True,False,False,False,True,validation
1004,disconnected_components,4,1.0,1.0,1.0,,False,False,True,False,1.0,True,True,True,False,False,False,True,validation
1004,feedback_pair,4,1.0,1.0,1.0,,True,True,True,False,1.0,True,True,True,False,False,False,True,validation
1004,directed_cycle,4,1.0,1.0,1.0,,True,True,True,False,1.0,True,True,True,False,False,False,True,validation
1005,linear_DAG,8,1.0,1.0,1.0,1.0,False,False,True,False,1.0,True,True,True,False,False,False,True,validation
1005,nonlinear_DAG,8,1.0,1.0,1.0,,False,False,True,False,1.0,True,True,True,False,False,False,True,validation
1005,branching_DAG,8,1.0,1.0,1.0,,False,False,True,False,1.0,True,True,True,False,False,False,True,validation
1005,mediated_chain,8,1.0,1.0,1.0,1.0,False,False,True,False,1.0,True,True,True,False,False,False,True,validation
1005,common_driver,8,1.0,1.0,1.0,,False,False,True,False,1.0,True,True,True,False,False,False,True,validation
1005,disconnected_components,8,1.0,1.0,1.0,,False,False,True,False,1.0,True,True,True,False,False,False,True,validation
1005,feedback_pair,8,1.0,1.0,1.0,,True,True,True,False,1.0,True,True,True,False,False,False,True,validation
1005,directed_cycle,8,1.0,1.0,1.0,,True,True,True,False,1.0,True,True,True,False,False,False,True,validation
1006,linear_DAG,16,1.0,1.0,1.0,1.0,False,False,True,False,1.0,True,True,True,False,False,False,True,validation
1006,nonlinear_DAG,16,1.0,1.0,1.0,,False,False,True,False,1.0,True,True,True,False,False,False,True,validation
1006,branching_DAG,16,1.0,1.0,1.0,,False,False,True,False,1.0,True,True,True,False,False,False,True,validation
1006,mediated_chain,16,1.0,1.0,1.0,1.0,False,False,True,False,1.0,True,True,True,False,False,False,True,validation
1006,common_driver,16,1.0,1.0,1.0,,False,False,True,False,1.0,True,True,True,False,False,False,True,validation
1006,disconnected_components,16,1.0,1.0,1.0,,False,False,True,False,1.0,True,True,True,False,False,False,True,validation
1006,feedback_pair,16,1.0,1.0,1.0,,True,True,True,False,1.0,True,True,True,False,False,False,True,validation
1006,directed_cycle,16,1.0,1.0,1.0,,True,True,True,False,1.0,True,True,True,False,False,False,True,validation
1007,linear_DAG,32,1.0,1.0,1.0,1.0,False,False,True,False,1.0,True,True,True,False,False,False,True,validation
1007,nonlinear_DAG,32,1.0,1.0,1.0,,False,False,True,False,1.0,True,True,True,False,False,False,True,validation
1007,branching_DAG,32,1.0,1.0,1.0,,False,False,True,False,1.0,True,True,True,False,False,False,True,validation
1007,mediated_chain,32,1.0,1.0,1.0,1.0,False,False,True,False,1.0,True,True,True,False,False,False,True,validation
1007,common_driver,32,1.0,1.0,1.0,,False,False,True,False,1.0,True,True,True,False,False,False,True,validation
1007,disconnected_components,32,1.0,1.0,1.0,,False,False,True,False,1.0,True,True,True,False,False,False,True,validation
1007,feedback_pair,32,1.0,1.0,1.0,,True,True,True,False,1.0,True,True,True,False,False,False,True,validation
1007,directed_cycle,32,1.0,1.0,1.0,,True,True,True,False,1.0,True,True,True,False,False,False,True,validation
1008,linear_DAG,4,1.0,1.0,1.0,1.0,False,False,True,False,1.0,True,True,True,False,False,False,True,validation
1008,nonlinear_DAG,4,1.0,1.0,1.0,,False,False,True,False,1.0,True,True,True,False,False,False,True,validation
1008,branching_DAG,4,1.0,1.0,1.0,,False,False,True,False,1.0,True,True,True,False,False,False,True,validation
1008,mediated_chain,4,1.0,1.0,1.0,1.0,False,False,True,False,1.0,True,True,True,False,False,False,True,validation
1008,common_driver,4,1.0,1.0,1.0,,False,False,True,False,1.0,True,True,True,False,False,False,True,validation
1008,disconnected_components,4,1.0,1.0,1.0,,False,False,True,False,1.0,True,True,True,False,False,False,True,validation
1008,feedback_pair,4,1.0,1.0,1.0,,True,True,True,False,1.0,True,True,True,False,False,False,True,validation
1008,directed_cycle,4,1.0,1.0,1.0,,True,True,True,False,1.0,True,True,True,False,False,False,True,validation
1009,linear_DAG,8,1.0,1.0,1.0,1.0,False,False,True,False,1.0,True,True,True,False,False,False,True,validation
1009,nonlinear_DAG,8,1.0,1.0,1.0,,False,False,True,False,1.0,True,True,True,False,False,False,True,validation
1009,branching_DAG,8,1.0,1.0,1.0,,False,False,True,False,1.0,True,True,True,False,False,False,True,validation
1009,mediated_chain,8,1.0,1.0,1.0,1.0,False,False,True,False,1.0,True,True,True,False,False,False,True,validation
1009,common_driver,8,1.0,1.0,1.0,,False,False,True,False,1.0,True,True,True,False,False,False,True,validation
1009,disconnected_components,8,1.0,1.0,1.0,,False,False,True,False,1.0,True,True,True,False,False,False,True,validation
1009,feedback_pair,8,1.0,1.0,1.0,,True,True,True,False,1.0,True,True,True,False,False,False,True,validation
1009,directed_cycle,8,1.0,1.0,1.0,,True,True,True,False,1.0,True,True,True,False,False,False,True,validation
1010,linear_DAG,16,1.0,1.0,1.0,1.0,False,False,True,False,1.0,True,True,True,False,False,False,True,validation
1010,nonlinear_DAG,16,1.0,1.0,1.0,,False,False,True,False,1.0,True,True,True,False,False,False,True,validation
1010,branching_DAG,16,1.0,1.0,1.0,,False,False,True,False,1.0,True,True,True,False,False,False,True,validation
1010,mediated_chain,16,1.0,1.0,1.0,1.0,False,False,True,False,1.0,True,True,True,False,False,False,True,validation
1010,common_driver,16,1.0,1.0,1.0,,False,False,True,False,1.0,True,True,True,False,False,False,True,validation
1010,disconnected_components,16,1.0,1.0,1.0,,False,False,True,False,1.0,True,True,True,False,False,False,True,validation
1010,feedback_pair,16,1.0,1.0,1.0,,True,True,True,False,1.0,True,True,True,False,False,False,True,validation
1010,directed_cycle,16,1.0,1.0,1.0,,True,True,True,False,1.0,True,True,True,False,False,False,True,validation
1011,linear_DAG,32,1.0,1.0,1.0,1.0,False,False,True,False,1.0,True,True,True,False,False,False,True,validation
1011,nonlinear_DAG,32,1.0,1.0,1.0,,False,False,True,False,1.0,True,True,True,False,False,False,True,validation
1011,branching_DAG,32,1.0,1.0,1.0,,False,False,True,False,1.0,True,True,True,False,False,False,True,validation
1011,mediated_chain,32,1.0,1.0,1.0,1.0,False,False,True,False,1.0,True,True,True,False,False,False,True,validation
1011,common_driver,32,1.0,1.0,1.0,,False,False,True,False,1.0,True,True,True,False,False,False,True,validation
1011,disconnected_components,32,1.0,1.0,1.0,,False,False,True,False,1.0,True,True,True,False,False,False,True,validation
1011,feedback_pair,32,1.0,1.0,1.0,,True,True,True,False,1.0,True,True,True,False,False,False,True,validation
1011,directed_cycle,32,1.0,1.0,1.0,,True,True,True,False,1.0,True,True,True,False,False,False,True,validation
1012,linear_DAG,4,1.0,1.0,1.0,1.0,False,False,True,False,1.0,True,True,True,False,False,False,True,validation
1012,nonlinear_DAG,4,1.0,1.0,1.0,,False,False,True,False,1.0,True,True,True,False,False,False,True,validation
1012,branching_DAG,4,1.0,1.0,1.0,,False,False,True,False,1.0,True,True,True,False,False,False,True,validation
1012,mediated_chain,4,1.0,1.0,1.0,1.0,False,False,True,False,1.0,True,True,True,False,False,False,True,validation
1012,common_driver,4,1.0,1.0,1.0,,False,False,True,False,1.0,True,True,True,False,False,False,True,validation
1012,disconnected_components,4,1.0,1.0,1.0,,False,False,True,False,1.0,True,True,True,False,False,False,True,validation
1012,feedback_pair,4,1.0,1.0,1.0,,True,True,True,False,1.0,True,True,True,False,False,False,True,validation
1012,directed_cycle,4,1.0,1.0,1.0,,True,True,True,False,1.0,True,True,True,False,False,False,True,validation
1013,linear_DAG,8,1.0,1.0,1.0,1.0,False,False,True,False,1.0,True,True,True,False,False,False,True,validation
1013,nonlinear_DAG,8,1.0,1.0,1.0,,False,False,True,False,1.0,True,True,True,False,False,False,True,validation
1013,branching_DAG,8,1.0,1.0,1.0,,False,False,True,False,1.0,True,True,True,False,False,False,True,validation
1013,mediated_chain,8,1.0,1.0,1.0,1.0,False,False,True,False,1.0,True,True,True,False,False,False,True,validation
1013,common_driver,8,1.0,1.0,1.0,,False,False,True,False,1.0,True,True,True,False,False,False,True,validation
1013,disconnected_components,8,1.0,1.0,1.0,,False,False,True,False,1.0,True,True,True,False,False,False,True,validation
1013,feedback_pair,8,1.0,1.0,1.0,,True,True,True,False,1.0,True,True,True,False,False,False,True,validation
1013,directed_cycle,8,1.0,1.0,1.0,,True,True,True,False,1.0,True,True,True,False,False,False,True,validation
1014,linear_DAG,16,1.0,1.0,1.0,1.0,False,False,True,False,1.0,True,True,True,False,False,False,True,validation
1014,nonlinear_DAG,16,1.0,1.0,1.0,,False,False,True,False,1.0,True,True,True,False,False,False,True,validation
1014,branching_DAG,16,1.0,1.0,1.0,,False,False,True,False,1.0,True,True,True,False,False,False,True,validation
1014,mediated_chain,16,1.0,1.0,1.0,1.0,False,False,True,False,1.0,True,True,True,False,False,False,True,validation
1014,common_driver,16,1.0,1.0,1.0,,False,False,True,False,1.0,True,True,True,False,False,False,True,validation
1014,disconnected_components,16,1.0,1.0,1.0,,False,False,True,False,1.0,True,True,True,False,False,False,True,validation
1014,feedback_pair,16,1.0,1.0,1.0,,True,True,True,False,1.0,True,True,True,False,False,False,True,validation
1014,directed_cycle,16,1.0,1.0,1.0,,True,True,True,False,1.0,True,True,True,False,False,False,True,validation
1015,linear_DAG,32,1.0,1.0,1.0,1.0,False,False,True,False,1.0,True,True,True,False,False,False,True,validation
1015,nonlinear_DAG,32,1.0,1.0,1.0,,False,False,True,False,1.0,True,True,True,False,False,False,True,validation
1015,branching_DAG,32,1.0,1.0,1.0,,False,False,True,False,1.0,True,True,True,False,False,False,True,validation
1015,mediated_chain,32,1.0,1.0,1.0,1.0,False,False,True,False,1.0,True,True,True,False,False,False,True,validation
1015,common_driver,32,1.0,1.0,1.0,,False,False,True,False,1.0,True,True,True,False,False,False,True,validation
1015,disconnected_components,32,1.0,1.0,1.0,,False,False,True,False,1.0,True,True,True,False,False,False,True,validation
1015,feedback_pair,32,1.0,1.0,1.0,,True,True,True,False,1.0,True,True,True,False,False,False,True,validation
1015,directed_cycle,32,1.0,1.0,1.0,,True,True,True,False,1.0,True,True,True,False,False,False,True,validation
1016,linear_DAG,4,1.0,1.0,1.0,1.0,False,False,True,False,1.0,True,True,True,False,False,False,True,validation
1016,nonlinear_DAG,4,1.0,1.0,1.0,,False,False,True,False,1.0,True,True,True,False,False,False,True,validation
1016,branching_DAG,4,1.0,1.0,1.0,,False,False,True,False,1.0,True,True,True,False,False,False,True,validation
1016,mediated_chain,4,1.0,1.0,1.0,1.0,False,False,True,False,1.0,True,True,True,False,False,False,True,validation
1016,common_driver,4,1.0,1.0,1.0,,False,False,True,False,1.0,True,True,True,False,False,False,True,validation
1016,disconnected_components,4,1.0,1.0,1.0,,False,False,True,False,1.0,True,True,True,False,False,False,True,validation
1016,feedback_pair,4,1.0,1.0,1.0,,True,True,True,False,1.0,True,True,True,False,False,False,True,validation
1016,directed_cycle,4,1.0,1.0,1.0,,True,True,True,False,1.0,True,True,True,False,False,False,True,validation
1017,linear_DAG,8,1.0,1.0,1.0,1.0,False,False,True,False,1.0,True,True,True,False,False,False,True,validation
1017,nonlinear_DAG,8,1.0,1.0,1.0,,False,False,True,False,1.0,True,True,True,False,False,False,True,validation
1017,branching_DAG,8,1.0,1.0,1.0,,False,False,True,False,1.0,True,True,True,False,False,False,True,validation
1017,mediated_chain,8,1.0,1.0,1.0,1.0,False,False,True,False,1.0,True,True,True,False,False,False,True,validation
1017,common_driver,8,1.0,1.0,1.0,,False,False,True,False,1.0,True,True,True,False,False,False,True,validation
1017,disconnected_components,8,1.0,1.0,1.0,,False,False,True,False,1.0,True,True,True,False,False,False,True,validation
1017,feedback_pair,8,1.0,1.0,1.0,,True,True,True,False,1.0,True,True,True,False,False,False,True,validation
1017,directed_cycle,8,1.0,1.0,1.0,,True,True,True,False,1.0,True,True,True,False,False,False,True,validation
1018,linear_DAG,16,1.0,1.0,1.0,1.0,False,False,True,False,1.0,True,True,True,False,False,False,True,validation
1018,nonlinear_DAG,16,1.0,1.0,1.0,,False,False,True,False,1.0,True,True,True,False,False,False,True,validation
1018,branching_DAG,16,1.0,1.0,1.0,,False,False,True,False,1.0,True,True,True,False,False,False,True,validation
1018,mediated_chain,16,1.0,1.0,1.0,1.0,False,False,True,False,1.0,True,True,True,False,False,False,True,validation
1018,common_driver,16,1.0,1.0,1.0,,False,False,True,False,1.0,True,True,True,False,False,False,True,validation
1018,disconnected_components,16,1.0,1.0,1.0,,False,False,True,False,1.0,True,True,True,False,False,False,True,validation
1018,feedback_pair,16,1.0,1.0,1.0,,True,True,True,False,1.0,True,True,True,False,False,False,True,validation
1018,directed_cycle,16,1.0,1.0,1.0,,True,True,True,False,1.0,True,True,True,False,False,False,True,validation
1019,linear_DAG,32,1.0,1.0,1.0,1.0,False,False,True,False,1.0,True,True,True,False,False,False,True,validation
1019,nonlinear_DAG,32,1.0,1.0,1.0,,False,False,True,False,1.0,True,True,True,False,False,False,True,validation
1019,branching_DAG,32,1.0,1.0,1.0,,False,False,True,False,1.0,True,True,True,False,False,False,True,validation
1019,mediated_chain,32,1.0,1.0,1.0,1.0,False,False,True,False,1.0,True,True,True,False,False,False,True,validation
1019,common_driver,32,1.0,1.0,1.0,,False,False,True,False,1.0,True,True,True,False,False,False,True,validation
1019,disconnected_components,32,1.0,1.0,1.0,,False,False,True,False,1.0,True,True,True,False,False,False,True,validation
1019,feedback_pair,32,1.0,1.0,1.0,,True,True,True,False,1.0,True,True,True,False,False,False,True,validation
1019,directed_cycle,32,1.0,1.0,1.0,,True,True,True,False,1.0,True,True,True,False,False,False,True,validation
1020,linear_DAG,4,1.0,1.0,1.0,1.0,False,False,True,False,1.0,True,True,True,False,False,False,True,validation
1020,nonlinear_DAG,4,1.0,1.0,1.0,,False,False,True,False,1.0,True,True,True,False,False,False,True,validation
1020,branching_DAG,4,1.0,1.0,1.0,,False,False,True,False,1.0,True,True,True,False,False,False,True,validation
1020,mediated_chain,4,1.0,1.0,1.0,1.0,False,False,True,False,1.0,True,True,True,False,False,False,True,validation
1020,common_driver,4,1.0,1.0,1.0,,False,False,True,False,1.0,True,True,True,False,False,False,True,validation
1020,disconnected_components,4,1.0,1.0,1.0,,False,False,True,False,1.0,True,True,True,False,False,False,True,validation
1020,feedback_pair,4,1.0,1.0,1.0,,True,True,True,False,1.0,True,True,True,False,False,False,True,validation
1020,directed_cycle,4,1.0,1.0,1.0,,True,True,True,False,1.0,True,True,True,False,False,False,True,validation
1021,linear_DAG,8,1.0,1.0,1.0,1.0,False,False,True,False,1.0,True,True,True,False,False,False,True,validation
1021,nonlinear_DAG,8,1.0,1.0,1.0,,False,False,True,False,1.0,True,True,True,False,False,False,True,validation
1021,branching_DAG,8,1.0,1.0,1.0,,False,False,True,False,1.0,True,True,True,False,False,False,True,validation
1021,mediated_chain,8,1.0,1.0,1.0,1.0,False,False,True,False,1.0,True,True,True,False,False,False,True,validation
1021,common_driver,8,1.0,1.0,1.0,,False,False,True,False,1.0,True,True,True,False,False,False,True,validation
1021,disconnected_components,8,1.0,1.0,1.0,,False,False,True,False,1.0,True,True,True,False,False,False,True,validation
1021,feedback_pair,8,1.0,1.0,1.0,,True,True,True,False,1.0,True,True,True,False,False,False,True,validation
1021,directed_cycle,8,1.0,1.0,1.0,,True,True,True,False,1.0,True,True,True,False,False,False,True,validation
1022,linear_DAG,16,1.0,1.0,1.0,1.0,False,False,True,False,1.0,True,True,True,False,False,False,True,validation
1022,nonlinear_DAG,16,1.0,1.0,1.0,,False,False,True,False,1.0,True,True,True,False,False,False,True,validation
1022,branching_DAG,16,1.0,1.0,1.0,,False,False,True,False,1.0,True,True,True,False,False,False,True,validation
1022,mediated_chain,16,1.0,1.0,1.0,1.0,False,False,True,False,1.0,True,True,True,False,False,False,True,validation
1022,common_driver,16,1.0,1.0,1.0,,False,False,True,False,1.0,True,True,True,False,False,False,True,validation
1022,disconnected_components,16,1.0,1.0,1.0,,False,False,True,False,1.0,True,True,True,False,False,False,True,validation
1022,feedback_pair,16,1.0,1.0,1.0,,True,True,True,False,1.0,True,True,True,False,False,False,True,validation
1022,directed_cycle,16,1.0,1.0,1.0,,True,True,True,False,1.0,True,True,True,False,False,False,True,validation
1023,linear_DAG,32,1.0,1.0,1.0,1.0,False,False,True,False,1.0,True,True,True,False,False,False,True,validation
1023,nonlinear_DAG,32,1.0,1.0,1.0,,False,False,True,False,1.0,True,True,True,False,False,False,True,validation
1023,branching_DAG,32,1.0,1.0,1.0,,False,False,True,False,1.0,True,True,True,False,False,False,True,validation
1023,mediated_chain,32,1.0,1.0,1.0,1.0,False,False,True,False,1.0,True,True,True,False,False,False,True,validation
1023,common_driver,32,1.0,1.0,1.0,,False,False,True,False,1.0,True,True,True,False,False,False,True,validation
1023,disconnected_components,32,1.0,1.0,1.0,,False,False,True,False,1.0,True,True,True,False,False,False,True,validation
1023,feedback_pair,32,1.0,1.0,1.0,,True,True,True,False,1.0,True,True,True,False,False,False,True,validation
1023,directed_cycle,32,1.0,1.0,1.0,,True,True,True,False,1.0,True,True,True,False,False,False,True,validation
1024,linear_DAG,4,1.0,1.0,1.0,1.0,False,False,True,False,1.0,True,True,True,False,False,False,True,validation
1024,nonlinear_DAG,4,1.0,1.0,1.0,,False,False,True,False,1.0,True,True,True,False,False,False,True,validation
1024,branching_DAG,4,1.0,1.0,1.0,,False,False,True,False,1.0,True,True,True,False,False,False,True,validation
1024,mediated_chain,4,1.0,1.0,1.0,1.0,False,False,True,False,1.0,True,True,True,False,False,False,True,validation
1024,common_driver,4,1.0,1.0,1.0,,False,False,True,False,1.0,True,True,True,False,False,False,True,validation
1024,disconnected_components,4,1.0,1.0,1.0,,False,False,True,False,1.0,True,True,True,False,False,False,True,validation
1024,feedback_pair,4,1.0,1.0,1.0,,True,True,True,False,1.0,True,True,True,False,False,False,True,validation
1024,directed_cycle,4,1.0,1.0,1.0,,True,True,True,False,1.0,True,True,True,False,False,False,True,validation
1025,linear_DAG,8,1.0,1.0,1.0,1.0,False,False,True,False,1.0,True,True,True,False,False,False,True,validation
1025,nonlinear_DAG,8,1.0,1.0,1.0,,False,False,True,False,1.0,True,True,True,False,False,False,True,validation
1025,branching_DAG,8,1.0,1.0,1.0,,False,False,True,False,1.0,True,True,True,False,False,False,True,validation
1025,mediated_chain,8,1.0,1.0,1.0,1.0,False,False,True,False,1.0,True,True,True,False,False,False,True,validation
1025,common_driver,8,1.0,1.0,1.0,,False,False,True,False,1.0,True,True,True,False,False,False,True,validation
1025,disconnected_components,8,1.0,1.0,1.0,,False,False,True,False,1.0,True,True,True,False,False,False,True,validation
1025,feedback_pair,8,1.0,1.0,1.0,,True,True,True,False,1.0,True,True,True,False,False,False,True,validation
1025,directed_cycle,8,1.0,1.0,1.0,,True,True,True,False,1.0,True,True,True,False,False,False,True,validation
1026,linear_DAG,16,1.0,1.0,1.0,1.0,False,False,True,False,1.0,True,True,True,False,False,False,True,validation
1026,nonlinear_DAG,16,1.0,1.0,1.0,,False,False,True,False,1.0,True,True,True,False,False,False,True,validation
1026,branching_DAG,16,1.0,1.0,1.0,,False,False,True,False,1.0,True,True,True,False,False,False,True,validation
1026,mediated_chain,16,1.0,1.0,1.0,1.0,False,False,True,False,1.0,True,True,True,False,False,False,True,validation
1026,common_driver,16,1.0,1.0,1.0,,False,False,True,False,1.0,True,True,True,False,False,False,True,validation
1026,disconnected_components,16,1.0,1.0,1.0,,False,False,True,False,1.0,True,True,True,False,False,False,True,validation
1026,feedback_pair,16,1.0,1.0,1.0,,True,True,True,False,1.0,True,True,True,False,False,False,True,validation
1026,directed_cycle,16,1.0,1.0,1.0,,True,True,True,False,1.0,True,True,True,False,False,False,True,validation
1027,linear_DAG,32,1.0,1.0,1.0,1.0,False,False,True,False,1.0,True,True,True,False,False,False,True,validation
1027,nonlinear_DAG,32,1.0,1.0,1.0,,False,False,True,False,1.0,True,True,True,False,False,False,True,validation
1027,branching_DAG,32,1.0,1.0,1.0,,False,False,True,False,1.0,True,True,True,False,False,False,True,validation
1027,mediated_chain,32,1.0,1.0,1.0,1.0,False,False,True,False,1.0,True,True,True,False,False,False,True,validation
1027,common_driver,32,1.0,1.0,1.0,,False,False,True,False,1.0,True,True,True,False,False,False,True,validation
1027,disconnected_components,32,1.0,1.0,1.0,,False,False,True,False,1.0,True,True,True,False,False,False,True,validation
1027,feedback_pair,32,1.0,1.0,1.0,,True,True,True,False,1.0,True,True,True,False,False,False,True,validation
1027,directed_cycle,32,1.0,1.0,1.0,,True,True,True,False,1.0,True,True,True,False,False,False,True,validation
1028,linear_DAG,4,1.0,1.0,1.0,1.0,False,False,True,False,1.0,True,True,True,False,False,False,True,validation
1028,nonlinear_DAG,4,1.0,1.0,1.0,,False,False,True,False,1.0,True,True,True,False,False,False,True,validation
1028,branching_DAG,4,1.0,1.0,1.0,,False,False,True,False,1.0,True,True,True,False,False,False,True,validation
1028,mediated_chain,4,1.0,1.0,1.0,1.0,False,False,True,False,1.0,True,True,True,False,False,False,True,validation
1028,common_driver,4,1.0,1.0,1.0,,False,False,True,False,1.0,True,True,True,False,False,False,True,validation
1028,disconnected_components,4,1.0,1.0,1.0,,False,False,True,False,1.0,True,True,True,False,False,False,True,validation
1028,feedback_pair,4,1.0,1.0,1.0,,True,True,True,False,1.0,True,True,True,False,False,False,True,validation
1028,directed_cycle,4,1.0,1.0,1.0,,True,True,True,False,1.0,True,True,True,False,False,False,True,validation
1029,linear_DAG,8,1.0,1.0,1.0,1.0,False,False,True,False,1.0,True,True,True,False,False,False,True,validation
1029,nonlinear_DAG,8,1.0,1.0,1.0,,False,False,True,False,1.0,True,True,True,False,False,False,True,validation
1029,branching_DAG,8,1.0,1.0,1.0,,False,False,True,False,1.0,True,True,True,False,False,False,True,validation
1029,mediated_chain,8,1.0,1.0,1.0,1.0,False,False,True,False,1.0,True,True,True,False,False,False,True,validation
1029,common_driver,8,1.0,1.0,1.0,,False,False,True,False,1.0,True,True,True,False,False,False,True,validation
1029,disconnected_components,8,1.0,1.0,1.0,,False,False,True,False,1.0,True,True,True,False,False,False,True,validation
1029,feedback_pair,8,1.0,1.0,1.0,,True,True,True,False,1.0,True,True,True,False,False,False,True,validation
1029,directed_cycle,8,1.0,1.0,1.0,,True,True,True,False,1.0,True,True,True,False,False,False,True,validation
1030,linear_DAG,16,1.0,1.0,1.0,1.0,False,False,True,False,1.0,True,True,True,False,False,False,True,validation
1030,nonlinear_DAG,16,1.0,1.0,1.0,,False,False,True,False,1.0,True,True,True,False,False,False,True,validation
1030,branching_DAG,16,1.0,1.0,1.0,,False,False,True,False,1.0,True,True,True,False,False,False,True,validation
1030,mediated_chain,16,1.0,1.0,1.0,1.0,False,False,True,False,1.0,True,True,True,False,False,False,True,validation
1030,common_driver,16,1.0,1.0,1.0,,False,False,True,False,1.0,True,True,True,False,False,False,True,validation
1030,disconnected_components,16,1.0,1.0,1.0,,False,False,True,False,1.0,True,True,True,False,False,False,True,validation
1030,feedback_pair,16,1.0,1.0,1.0,,True,True,True,False,1.0,True,True,True,False,False,False,True,validation
1030,directed_cycle,16,1.0,1.0,1.0,,True,True,True,False,1.0,True,True,True,False,False,False,True,validation
1031,linear_DAG,32,1.0,1.0,1.0,1.0,False,False,True,False,1.0,True,True,True,False,False,False,True,validation
1031,nonlinear_DAG,32,1.0,1.0,1.0,,False,False,True,False,1.0,True,True,True,False,False,False,True,validation
1031,branching_DAG,32,1.0,1.0,1.0,,False,False,True,False,1.0,True,True,True,False,False,False,True,validation
1031,mediated_chain,32,1.0,1.0,1.0,1.0,False,False,True,False,1.0,True,True,True,False,False,False,True,validation
1031,common_driver,32,1.0,1.0,1.0,,False,False,True,False,1.0,True,True,True,False,False,False,True,validation
1031,disconnected_components,32,1.0,1.0,1.0,,False,False,True,False,1.0,True,True,True,False,False,False,True,validation
1031,feedback_pair,32,1.0,1.0,1.0,,True,True,True,False,1.0,True,True,True,False,False,False,True,validation
1031,directed_cycle,32,1.0,1.0,1.0,,True,True,True,False,1.0,True,True,True,False,False,False,True,validation
1032,linear_DAG,4,1.0,1.0,1.0,1.0,False,False,True,False,1.0,True,True,True,False,False,False,True,validation
1032,nonlinear_DAG,4,1.0,1.0,1.0,,False,False,True,False,1.0,True,True,True,False,False,False,True,validation
1032,branching_DAG,4,1.0,1.0,1.0,,False,False,True,False,1.0,True,True,True,False,False,False,True,validation
1032,mediated_chain,4,1.0,1.0,1.0,1.0,False,False,True,False,1.0,True,True,True,False,False,False,True,validation
1032,common_driver,4,1.0,1.0,1.0,,False,False,True,False,1.0,True,True,True,False,False,False,True,validation
1032,disconnected_components,4,1.0,1.0,1.0,,False,False,True,False,1.0,True,True,True,False,False,False,True,validation
1032,feedback_pair,4,1.0,1.0,1.0,,True,True,True,False,1.0,True,True,True,False,False,False,True,validation
1032,directed_cycle,4,1.0,1.0,1.0,,True,True,True,False,1.0,True,True,True,False,False,False,True,validation
1033,linear_DAG,8,1.0,1.0,1.0,1.0,False,False,True,False,1.0,True,True,True,False,False,False,True,validation
1033,nonlinear_DAG,8,1.0,1.0,1.0,,False,False,True,False,1.0,True,True,True,False,False,False,True,validation
1033,branching_DAG,8,1.0,1.0,1.0,,False,False,True,False,1.0,True,True,True,False,False,False,True,validation
1033,mediated_chain,8,1.0,1.0,1.0,1.0,False,False,True,False,1.0,True,True,True,False,False,False,True,validation
1033,common_driver,8,1.0,1.0,1.0,,False,False,True,False,1.0,True,True,True,False,False,False,True,validation
1033,disconnected_components,8,1.0,1.0,1.0,,False,False,True,False,1.0,True,True,True,False,False,False,True,validation
1033,feedback_pair,8,1.0,1.0,1.0,,True,True,True,False,1.0,True,True,True,False,False,False,True,validation
1033,directed_cycle,8,1.0,1.0,1.0,,True,True,True,False,1.0,True,True,True,False,False,False,True,validation
1034,linear_DAG,16,1.0,1.0,1.0,1.0,False,False,True,False,1.0,True,True,True,False,False,False,True,validation
1034,nonlinear_DAG,16,1.0,1.0,1.0,,False,False,True,False,1.0,True,True,True,False,False,False,True,validation
1034,branching_DAG,16,1.0,1.0,1.0,,False,False,True,False,1.0,True,True,True,False,False,False,True,validation
1034,mediated_chain,16,1.0,1.0,1.0,1.0,False,False,True,False,1.0,True,True,True,False,False,False,True,validation
1034,common_driver,16,1.0,1.0,1.0,,False,False,True,False,1.0,True,True,True,False,False,False,True,validation
1034,disconnected_components,16,1.0,1.0,1.0,,False,False,True,False,1.0,True,True,True,False,False,False,True,validation
1034,feedback_pair,16,1.0,1.0,1.0,,True,True,True,False,1.0,True,True,True,False,False,False,True,validation
1034,directed_cycle,16,1.0,1.0,1.0,,True,True,True,False,1.0,True,True,True,False,False,False,True,validation
1035,linear_DAG,32,1.0,1.0,1.0,1.0,False,False,True,False,1.0,True,True,True,False,False,False,True,validation
1035,nonlinear_DAG,32,1.0,1.0,1.0,,False,False,True,False,1.0,True,True,True,False,False,False,True,validation
1035,branching_DAG,32,1.0,1.0,1.0,,False,False,True,False,1.0,True,True,True,False,False,False,True,validation
1035,mediated_chain,32,1.0,1.0,1.0,1.0,False,False,True,False,1.0,True,True,True,False,False,False,True,validation
1035,common_driver,32,1.0,1.0,1.0,,False,False,True,False,1.0,True,True,True,False,False,False,True,validation
1035,disconnected_components,32,1.0,1.0,1.0,,False,False,True,False,1.0,True,True,True,False,False,False,True,validation
1035,feedback_pair,32,1.0,1.0,1.0,,True,True,True,False,1.0,True,True,True,False,False,False,True,validation
1035,directed_cycle,32,1.0,1.0,1.0,,True,True,True,False,1.0,True,True,True,False,False,False,True,validation
1036,linear_DAG,4,1.0,1.0,1.0,1.0,False,False,True,False,1.0,True,True,True,False,False,False,True,validation
1036,nonlinear_DAG,4,1.0,1.0,1.0,,False,False,True,False,1.0,True,True,True,False,False,False,True,validation
1036,branching_DAG,4,1.0,1.0,1.0,,False,False,True,False,1.0,True,True,True,False,False,False,True,validation
1036,mediated_chain,4,1.0,1.0,1.0,1.0,False,False,True,False,1.0,True,True,True,False,False,False,True,validation
1036,common_driver,4,1.0,1.0,1.0,,False,False,True,False,1.0,True,True,True,False,False,False,True,validation
1036,disconnected_components,4,1.0,1.0,1.0,,False,False,True,False,1.0,True,True,True,False,False,False,True,validation
1036,feedback_pair,4,1.0,1.0,1.0,,True,True,True,False,1.0,True,True,True,False,False,False,True,validation
1036,directed_cycle,4,1.0,1.0,1.0,,True,True,True,False,1.0,True,True,True,False,False,False,True,validation
1037,linear_DAG,8,1.0,1.0,1.0,1.0,False,False,True,False,1.0,True,True,True,False,False,False,True,validation
1037,nonlinear_DAG,8,1.0,1.0,1.0,,False,False,True,False,1.0,True,True,True,False,False,False,True,validation
1037,branching_DAG,8,1.0,1.0,1.0,,False,False,True,False,1.0,True,True,True,False,False,False,True,validation
1037,mediated_chain,8,1.0,1.0,1.0,1.0,False,False,True,False,1.0,True,True,True,False,False,False,True,validation
1037,common_driver,8,1.0,1.0,1.0,,False,False,True,False,1.0,True,True,True,False,False,False,True,validation
1037,disconnected_components,8,1.0,1.0,1.0,,False,False,True,False,1.0,True,True,True,False,False,False,True,validation
1037,feedback_pair,8,1.0,1.0,1.0,,True,True,True,False,1.0,True,True,True,False,False,False,True,validation
1037,directed_cycle,8,1.0,1.0,1.0,,True,True,True,False,1.0,True,True,True,False,False,False,True,validation
1038,linear_DAG,16,1.0,1.0,1.0,1.0,False,False,True,False,1.0,True,True,True,False,False,False,True,validation
1038,nonlinear_DAG,16,1.0,1.0,1.0,,False,False,True,False,1.0,True,True,True,False,False,False,True,validation
1038,branching_DAG,16,1.0,1.0,1.0,,False,False,True,False,1.0,True,True,True,False,False,False,True,validation
1038,mediated_chain,16,1.0,1.0,1.0,1.0,False,False,True,False,1.0,True,True,True,False,False,False,True,validation
1038,common_driver,16,1.0,1.0,1.0,,False,False,True,False,1.0,True,True,True,False,False,False,True,validation
1038,disconnected_components,16,1.0,1.0,1.0,,False,False,True,False,1.0,True,True,True,False,False,False,True,validation
1038,feedback_pair,16,1.0,1.0,1.0,,True,True,True,False,1.0,True,True,True,False,False,False,True,validation
1038,directed_cycle,16,1.0,1.0,1.0,,True,True,True,False,1.0,True,True,True,False,False,False,True,validation
1039,linear_DAG,32,1.0,1.0,1.0,1.0,False,False,True,False,1.0,True,True,True,False,False,False,True,validation
1039,nonlinear_DAG,32,1.0,1.0,1.0,,False,False,True,False,1.0,True,True,True,False,False,False,True,validation
1039,branching_DAG,32,1.0,1.0,1.0,,False,False,True,False,1.0,True,True,True,False,False,False,True,validation
1039,mediated_chain,32,1.0,1.0,1.0,1.0,False,False,True,False,1.0,True,True,True,False,False,False,True,validation
1039,common_driver,32,1.0,1.0,1.0,,False,False,True,False,1.0,True,True,True,False,False,False,True,validation
1039,disconnected_components,32,1.0,1.0,1.0,,False,False,True,False,1.0,True,True,True,False,False,False,True,validation
1039,feedback_pair,32,1.0,1.0,1.0,,True,True,True,False,1.0,True,True,True,False,False,False,True,validation
1039,directed_cycle,32,1.0,1.0,1.0,,True,True,True,False,1.0,True,True,True,False,False,False,True,validation
1040,linear_DAG,4,1.0,1.0,1.0,1.0,False,False,True,False,1.0,True,True,True,False,False,False,True,validation
1040,nonlinear_DAG,4,1.0,1.0,1.0,,False,False,True,False,1.0,True,True,True,False,False,False,True,validation
1040,branching_DAG,4,1.0,1.0,1.0,,False,False,True,False,1.0,True,True,True,False,False,False,True,validation
1040,mediated_chain,4,1.0,1.0,1.0,1.0,False,False,True,False,1.0,True,True,True,False,False,False,True,validation
1040,common_driver,4,1.0,1.0,1.0,,False,False,True,False,1.0,True,True,True,False,False,False,True,validation
1040,disconnected_components,4,1.0,1.0,1.0,,False,False,True,False,1.0,True,True,True,False,False,False,True,validation
1040,feedback_pair,4,1.0,1.0,1.0,,True,True,True,False,1.0,True,True,True,False,False,False,True,validation
1040,directed_cycle,4,1.0,1.0,1.0,,True,True,True,False,1.0,True,True,True,False,False,False,True,validation
1041,linear_DAG,8,1.0,1.0,1.0,1.0,False,False,True,False,1.0,True,True,True,False,False,False,True,validation
1041,nonlinear_DAG,8,1.0,1.0,1.0,,False,False,True,False,1.0,True,True,True,False,False,False,True,validation
1041,branching_DAG,8,1.0,1.0,1.0,,False,False,True,False,1.0,True,True,True,False,False,False,True,validation
1041,mediated_chain,8,1.0,1.0,1.0,1.0,False,False,True,False,1.0,True,True,True,False,False,False,True,validation
1041,common_driver,8,1.0,1.0,1.0,,False,False,True,False,1.0,True,True,True,False,False,False,True,validation
1041,disconnected_components,8,1.0,1.0,1.0,,False,False,True,False,1.0,True,True,True,False,False,False,True,validation
1041,feedback_pair,8,1.0,1.0,1.0,,True,True,True,False,1.0,True,True,True,False,False,False,True,validation
1041,directed_cycle,8,1.0,1.0,1.0,,True,True,True,False,1.0,True,True,True,False,False,False,True,validation
1042,linear_DAG,16,1.0,1.0,1.0,1.0,False,False,True,False,1.0,True,True,True,False,False,False,True,validation
1042,nonlinear_DAG,16,1.0,1.0,1.0,,False,False,True,False,1.0,True,True,True,False,False,False,True,validation
1042,branching_DAG,16,1.0,1.0,1.0,,False,False,True,False,1.0,True,True,True,False,False,False,True,validation
1042,mediated_chain,16,1.0,1.0,1.0,1.0,False,False,True,False,1.0,True,True,True,False,False,False,True,validation
1042,common_driver,16,1.0,1.0,1.0,,False,False,True,False,1.0,True,True,True,False,False,False,True,validation
1042,disconnected_components,16,1.0,1.0,1.0,,False,False,True,False,1.0,True,True,True,False,False,False,True,validation
1042,feedback_pair,16,1.0,1.0,1.0,,True,True,True,False,1.0,True,True,True,False,False,False,True,validation
1042,directed_cycle,16,1.0,1.0,1.0,,True,True,True,False,1.0,True,True,True,False,False,False,True,validation
1043,linear_DAG,32,1.0,1.0,1.0,1.0,False,False,True,False,1.0,True,True,True,False,False,False,True,validation
1043,nonlinear_DAG,32,1.0,1.0,1.0,,False,False,True,False,1.0,True,True,True,False,False,False,True,validation
1043,branching_DAG,32,1.0,1.0,1.0,,False,False,True,False,1.0,True,True,True,False,False,False,True,validation
1043,mediated_chain,32,1.0,1.0,1.0,1.0,False,False,True,False,1.0,True,True,True,False,False,False,True,validation
1043,common_driver,32,1.0,1.0,1.0,,False,False,True,False,1.0,True,True,True,False,False,False,True,validation
1043,disconnected_components,32,1.0,1.0,1.0,,False,False,True,False,1.0,True,True,True,False,False,False,True,validation
1043,feedback_pair,32,1.0,1.0,1.0,,True,True,True,False,1.0,True,True,True,False,False,False,True,validation
1043,directed_cycle,32,1.0,1.0,1.0,,True,True,True,False,1.0,True,True,True,False,False,False,True,validation
1044,linear_DAG,4,1.0,1.0,1.0,1.0,False,False,True,False,1.0,True,True,True,False,False,False,True,validation
1044,nonlinear_DAG,4,1.0,1.0,1.0,,False,False,True,False,1.0,True,True,True,False,False,False,True,validation
1044,branching_DAG,4,1.0,1.0,1.0,,False,False,True,False,1.0,True,True,True,False,False,False,True,validation
1044,mediated_chain,4,1.0,1.0,1.0,1.0,False,False,True,False,1.0,True,True,True,False,False,False,True,validation
1044,common_driver,4,1.0,1.0,1.0,,False,False,True,False,1.0,True,True,True,False,False,False,True,validation
1044,disconnected_components,4,1.0,1.0,1.0,,False,False,True,False,1.0,True,True,True,False,False,False,True,validation
1044,feedback_pair,4,1.0,1.0,1.0,,True,True,True,False,1.0,True,True,True,False,False,False,True,validation
1044,directed_cycle,4,1.0,1.0,1.0,,True,True,True,False,1.0,True,True,True,False,False,False,True,validation
1045,linear_DAG,8,1.0,1.0,1.0,1.0,False,False,True,False,1.0,True,True,True,False,False,False,True,validation
1045,nonlinear_DAG,8,1.0,1.0,1.0,,False,False,True,False,1.0,True,True,True,False,False,False,True,validation
1045,branching_DAG,8,1.0,1.0,1.0,,False,False,True,False,1.0,True,True,True,False,False,False,True,validation
1045,mediated_chain,8,1.0,1.0,1.0,1.0,False,False,True,False,1.0,True,True,True,False,False,False,True,validation
1045,common_driver,8,1.0,1.0,1.0,,False,False,True,False,1.0,True,True,True,False,False,False,True,validation
1045,disconnected_components,8,1.0,1.0,1.0,,False,False,True,False,1.0,True,True,True,False,False,False,True,validation
1045,feedback_pair,8,1.0,1.0,1.0,,True,True,True,False,1.0,True,True,True,False,False,False,True,validation
1045,directed_cycle,8,1.0,1.0,1.0,,True,True,True,False,1.0,True,True,True,False,False,False,True,validation
1046,linear_DAG,16,1.0,1.0,1.0,1.0,False,False,True,False,1.0,True,True,True,False,False,False,True,validation
1046,nonlinear_DAG,16,1.0,1.0,1.0,,False,False,True,False,1.0,True,True,True,False,False,False,True,validation
1046,branching_DAG,16,1.0,1.0,1.0,,False,False,True,False,1.0,True,True,True,False,False,False,True,validation
1046,mediated_chain,16,1.0,1.0,1.0,1.0,False,False,True,False,1.0,True,True,True,False,False,False,True,validation
1046,common_driver,16,1.0,1.0,1.0,,False,False,True,False,1.0,True,True,True,False,False,False,True,validation
1046,disconnected_components,16,1.0,1.0,1.0,,False,False,True,False,1.0,True,True,True,False,False,False,True,validation
1046,feedback_pair,16,1.0,1.0,1.0,,True,True,True,False,1.0,True,True,True,False,False,False,True,validation
1046,directed_cycle,16,1.0,1.0,1.0,,True,True,True,False,1.0,True,True,True,False,False,False,True,validation
1047,linear_DAG,32,1.0,1.0,1.0,1.0,False,False,True,False,1.0,True,True,True,False,False,False,True,validation
1047,nonlinear_DAG,32,1.0,1.0,1.0,,False,False,True,False,1.0,True,True,True,False,False,False,True,validation
1047,branching_DAG,32,1.0,1.0,1.0,,False,False,True,False,1.0,True,True,True,False,False,False,True,validation
1047,mediated_chain,32,1.0,1.0,1.0,1.0,False,False,True,False,1.0,True,True,True,False,False,False,True,validation
1047,common_driver,32,1.0,1.0,1.0,,False,False,True,False,1.0,True,True,True,False,False,False,True,validation
1047,disconnected_components,32,1.0,1.0,1.0,,False,False,True,False,1.0,True,True,True,False,False,False,True,validation
1047,feedback_pair,32,1.0,1.0,1.0,,True,True,True,False,1.0,True,True,True,False,False,False,True,validation
1047,directed_cycle,32,1.0,1.0,1.0,,True,True,True,False,1.0,True,True,True,False,False,False,True,validation
1048,linear_DAG,4,1.0,1.0,1.0,1.0,False,False,True,False,1.0,True,True,True,False,False,False,True,validation
1048,nonlinear_DAG,4,1.0,1.0,1.0,,False,False,True,False,1.0,True,True,True,False,False,False,True,validation
1048,branching_DAG,4,1.0,1.0,1.0,,False,False,True,False,1.0,True,True,True,False,False,False,True,validation
1048,mediated_chain,4,1.0,1.0,1.0,1.0,False,False,True,False,1.0,True,True,True,False,False,False,True,validation
1048,common_driver,4,1.0,1.0,1.0,,False,False,True,False,1.0,True,True,True,False,False,False,True,validation
1048,disconnected_components,4,1.0,1.0,1.0,,False,False,True,False,1.0,True,True,True,False,False,False,True,validation
1048,feedback_pair,4,1.0,1.0,1.0,,True,True,True,False,1.0,True,True,True,False,False,False,True,validation
1048,directed_cycle,4,1.0,1.0,1.0,,True,True,True,False,1.0,True,True,True,False,False,False,True,validation
1049,linear_DAG,8,1.0,1.0,1.0,1.0,False,False,True,False,1.0,True,True,True,False,False,False,True,validation
1049,nonlinear_DAG,8,1.0,1.0,1.0,,False,False,True,False,1.0,True,True,True,False,False,False,True,validation
1049,branching_DAG,8,1.0,1.0,1.0,,False,False,True,False,1.0,True,True,True,False,False,False,True,validation
1049,mediated_chain,8,1.0,1.0,1.0,1.0,False,False,True,False,1.0,True,True,True,False,False,False,True,validation
1049,common_driver,8,1.0,1.0,1.0,,False,False,True,False,1.0,True,True,True,False,False,False,True,validation
1049,disconnected_components,8,1.0,1.0,1.0,,False,False,True,False,1.0,True,True,True,False,False,False,True,validation
1049,feedback_pair,8,1.0,1.0,1.0,,True,True,True,False,1.0,True,True,True,False,False,False,True,validation
1049,directed_cycle,8,1.0,1.0,1.0,,True,True,True,False,1.0,True,True,True,False,False,False,True,validation
