trial,search_mode,family,apparent_long_memory_score,finite_saturation_detected,nonstationarity_detected,grid_ceiling_only,detector_positive,ground_truth_is_hard_null,false_positive
0,random,N1_large_but_finite_AR,0.7705468414814046,True,False,False,False,True,False
1,random,N2_high_dimensional_SSM,0.5384875170700302,True,False,False,False,True,False
2,random,N3_many_exponential_kernel,0.9497723371177897,True,False,False,False,True,False
3,random,N4_slow_common_driver,0.6277943838506025,True,False,False,False,True,False
4,random,N5_nonstationary_drift,0.5889577093873202,False,True,False,False,True,False
5,random,N6_switching_regime,0.7964910410782049,False,True,False,False,True,False
6,random,N7_colored_noise,0.6744701334766362,True,False,False,False,True,False
7,random,N8_measurement_filter,0.9729875128960456,True,False,False,False,True,False
8,random,N1_large_but_finite_AR,0.7612839792953275,True,False,False,False,True,False
9,random,N2_high_dimensional_SSM,0.7311015688135055,True,False,False,False,True,False
10,random,N3_many_exponential_kernel,0.6050483386291577,True,False,False,False,True,False
11,random,N4_slow_common_driver,0.9240812226922281,True,False,False,False,True,False
12,random,N5_nonstationary_drift,0.8469795391979047,False,True,False,False,True,False
13,random,N6_switching_regime,0.730079934425753,False,True,False,False,True,False
14,random,N7_colored_noise,0.9253862951655153,True,False,False,False,True,False
15,random,N8_measurement_filter,0.5895905023150136,True,False,False,False,True,False
16,random,N1_large_but_finite_AR,0.6996525006365996,True,False,False,False,True,False
17,random,N2_high_dimensional_SSM,0.6457661442370564,True,False,False,False,True,False
18,random,N3_many_exponential_kernel,0.9072591856599719,True,False,False,False,True,False
19,random,N4_slow_common_driver,0.7060112855534408,True,False,False,False,True,False
20,random,N5_nonstationary_drift,0.7322864812910846,False,True,False,False,True,False
21,random,N6_switching_regime,0.9896966814736843,False,True,False,False,True,False
22,random,N7_colored_noise,0.8011421318475247,True,False,False,False,True,False
23,random,N8_measurement_filter,0.5663702534776202,True,False,False,False,True,False
24,random,N1_large_but_finite_AR,0.946549365125247,True,False,True,False,True,False
25,random,N2_high_dimensional_SSM,0.7723476838356784,True,False,False,False,True,False
26,random,N3_many_exponential_kernel,0.6734719149939767,True,False,False,False,True,False
27,random,N4_slow_common_driver,0.8812038769398804,True,False,False,False,True,False
28,random,N5_nonstationary_drift,0.6440655509903676,False,True,False,False,True,False
29,random,N6_switching_regime,0.921325136991023,False,True,False,False,True,False
30,random,N7_colored_noise,0.8937714033619691,True,False,False,False,True,False
31,random,N8_measurement_filter,0.845034377516497,True,False,False,False,True,False
32,random,N1_large_but_finite_AR,0.8740043325805373,True,False,False,False,True,False
33,random,N2_high_dimensional_SSM,0.6797574295850065,True,False,False,False,True,False
34,random,N3_many_exponential_kernel,0.7558407647657575,True,False,False,False,True,False
35,random,N4_slow_common_driver,0.7007760632372828,True,False,False,False,True,False
36,random,N5_nonstationary_drift,0.7322910736013153,False,True,False,False,True,False
37,random,N6_switching_regime,0.7904888546990265,False,True,False,False,True,False
38,random,N7_colored_noise,0.7059913136371826,True,False,False,False,True,False
39,random,N8_measurement_filter,0.8640691867467803,True,False,False,False,True,False
40,random,N1_large_but_finite_AR,0.8121465723220839,True,False,False,False,True,False
41,random,N2_high_dimensional_SSM,0.5920543258064944,True,False,False,False,True,False
42,random,N3_many_exponential_kernel,0.8546141558331607,True,False,False,False,True,False
43,random,N4_slow_common_driver,0.8309159670657061,True,False,False,False,True,False
44,random,N5_nonstationary_drift,0.7328045363222729,False,True,False,False,True,False
45,random,N6_switching_regime,0.6654350289097803,False,True,False,False,True,False
46,random,N7_colored_noise,0.8260520666715974,True,False,False,False,True,False
47,random,N8_measurement_filter,0.7699891322537132,True,False,False,False,True,False
48,random,N1_large_but_finite_AR,0.6462159941845874,True,False,False,False,True,False
49,random,N2_high_dimensional_SSM,0.9239454246305954,True,False,False,False,True,False
50,random,N3_many_exponential_kernel,0.7822815049138958,True,False,False,False,True,False
51,random,N4_slow_common_driver,0.5804552055200337,True,False,False,False,True,False
52,random,N5_nonstationary_drift,0.6819130430238385,False,True,False,False,True,False
53,random,N6_switching_regime,0.8416078146416954,False,True,False,False,True,False
54,random,N7_colored_noise,0.6265777715579673,True,False,False,False,True,False
55,random,N8_measurement_filter,0.7189072932368255,True,False,False,False,True,False
56,random,N1_large_but_finite_AR,0.8887238138297537,True,False,False,False,True,False
57,random,N2_high_dimensional_SSM,0.5976681917882941,True,False,False,False,True,False
58,random,N3_many_exponential_kernel,0.6802572183638425,True,False,False,False,True,False
59,random,N4_slow_common_driver,0.62934725851518,True,False,False,False,True,False
60,random,N5_nonstationary_drift,0.8886693485028866,False,True,False,False,True,False
61,random,N6_switching_regime,0.5774450591043981,False,True,False,False,True,False
62,random,N7_colored_noise,0.9562265055973677,True,False,False,False,True,False
63,random,N8_measurement_filter,0.9340680349872998,True,False,False,False,True,False
64,random,N1_large_but_finite_AR,0.8969151410080722,True,False,False,False,True,False
65,random,N2_high_dimensional_SSM,0.6878689507726315,True,False,False,False,True,False
66,random,N3_many_exponential_kernel,0.9039748639178573,True,False,False,False,True,False
67,random,N4_slow_common_driver,0.5951896395949924,True,False,False,False,True,False
68,random,N5_nonstationary_drift,0.6160830818634814,False,True,False,False,True,False
69,random,N6_switching_regime,0.6136029589396194,False,True,False,False,True,False
70,random,N7_colored_noise,0.6192333520755766,True,False,False,False,True,False
71,random,N8_measurement_filter,0.7670986857290836,True,False,False,False,True,False
72,random,N1_large_but_finite_AR,0.8859495323717831,True,False,False,False,True,False
73,random,N2_high_dimensional_SSM,0.7416102132957969,True,False,False,False,True,False
74,random,N3_many_exponential_kernel,0.9585212382869155,True,False,False,False,True,False
75,random,N4_slow_common_driver,0.8595409309238142,True,False,False,False,True,False
76,random,N5_nonstationary_drift,0.8479287145103037,False,True,False,False,True,False
77,random,N6_switching_regime,0.6613132811239985,False,True,False,False,True,False
78,random,N7_colored_noise,0.5422990545729999,True,False,False,False,True,False
79,random,N8_measurement_filter,0.9555253253722832,True,False,False,False,True,False
80,random,N1_large_but_finite_AR,0.7993674044829572,True,False,False,False,True,False
81,random,N2_high_dimensional_SSM,0.8534453504156257,True,False,False,False,True,False
82,random,N3_many_exponential_kernel,0.6784656747858735,True,False,False,False,True,False
83,random,N4_slow_common_driver,0.7678413417210428,True,False,False,False,True,False
84,random,N5_nonstationary_drift,0.6665641908472697,False,True,False,False,True,False
85,random,N6_switching_regime,0.6532675151556365,False,True,False,False,True,False
86,random,N7_colored_noise,0.6985140164488433,True,False,False,False,True,False
87,random,N8_measurement_filter,0.559599447794325,True,False,False,False,True,False
88,random,N1_large_but_finite_AR,0.7570346813876807,True,False,False,False,True,False
89,random,N2_high_dimensional_SSM,0.773085790789768,True,False,False,False,True,False
90,random,N3_many_exponential_kernel,0.7421629616018306,True,False,False,False,True,False
91,random,N4_slow_common_driver,0.6136050974662343,True,False,False,False,True,False
92,random,N5_nonstationary_drift,0.7129739458896872,False,True,False,False,True,False
93,random,N6_switching_regime,0.6271744257104132,False,True,False,False,True,False
94,random,N7_colored_noise,0.7858593521765359,True,False,False,False,True,False
95,random,N8_measurement_filter,0.7488341672549926,True,False,False,False,True,False
96,random,N1_large_but_finite_AR,0.7554814536859003,True,False,False,False,True,False
97,random,N2_high_dimensional_SSM,0.5268316494448875,True,False,False,False,True,False
98,random,N3_many_exponential_kernel,0.9027354367671473,True,False,False,False,True,False
99,random,N4_slow_common_driver,0.8463305730928604,True,False,False,False,True,False
100,random,N5_nonstationary_drift,0.8520105729228217,False,True,False,False,True,False
101,random,N6_switching_regime,0.5621469588960948,False,True,False,False,True,False
102,random,N7_colored_noise,0.5586920434207197,True,False,False,False,True,False
103,random,N8_measurement_filter,0.7101168434905714,True,False,False,False,True,False
104,random,N1_large_but_finite_AR,0.6639733424568036,True,False,False,False,True,False
105,random,N2_high_dimensional_SSM,0.6233977888916648,True,False,False,False,True,False
106,random,N3_many_exponential_kernel,0.9022736289924401,True,False,False,False,True,False
107,random,N4_slow_common_driver,0.8298441011456099,True,False,False,False,True,False
108,random,N5_nonstationary_drift,0.9218735616978377,False,True,False,False,True,False
109,random,N6_switching_regime,0.8662557947042813,False,True,False,False,True,False
110,random,N7_colored_noise,0.7140509113997683,True,False,False,False,True,False
111,random,N8_measurement_filter,0.5729741600945969,True,False,False,False,True,False
112,random,N1_large_but_finite_AR,0.8392741416180555,True,False,False,False,True,False
113,random,N2_high_dimensional_SSM,0.9653816257964376,True,False,True,False,True,False
114,random,N3_many_exponential_kernel,0.6524659397064023,True,False,False,False,True,False
115,random,N4_slow_common_driver,0.6606561256838613,True,False,False,False,True,False
116,random,N5_nonstationary_drift,0.7192929844956052,False,True,False,False,True,False
117,random,N6_switching_regime,0.8989923467864186,False,True,False,False,True,False
118,random,N7_colored_noise,0.8209407901184542,True,False,False,False,True,False
119,random,N8_measurement_filter,0.7055864600455969,True,False,False,False,True,False
120,random,N1_large_but_finite_AR,0.9144664750559562,True,False,False,False,True,False
121,random,N2_high_dimensional_SSM,0.7081570719601076,True,False,False,False,True,False
122,random,N3_many_exponential_kernel,0.828861293472132,True,False,False,False,True,False
123,random,N4_slow_common_driver,0.6957914257475961,True,False,False,False,True,False
124,random,N5_nonstationary_drift,0.8960933719570366,False,True,False,False,True,False
125,random,N6_switching_regime,0.9005226066892091,False,True,False,False,True,False
126,random,N7_colored_noise,0.9727450138714032,True,False,False,False,True,False
127,random,N8_measurement_filter,0.6117696327998845,True,False,False,False,True,False
128,random,N1_large_but_finite_AR,0.5794873544204651,True,False,False,False,True,False
129,random,N2_high_dimensional_SSM,0.9614704330430435,True,False,True,False,True,False
130,random,N3_many_exponential_kernel,0.8777158441023578,True,False,False,False,True,False
131,random,N4_slow_common_driver,0.9276907807852395,True,False,False,False,True,False
132,random,N5_nonstationary_drift,0.7581436645166354,False,True,False,False,True,False
133,random,N6_switching_regime,0.8793465771492094,False,True,False,False,True,False
134,random,N7_colored_noise,0.6800059739751487,True,False,False,False,True,False
135,random,N8_measurement_filter,0.5571404949217498,True,False,False,False,True,False
136,random,N1_large_but_finite_AR,0.830284695153009,True,False,False,False,True,False
137,random,N2_high_dimensional_SSM,0.9664630547065086,True,False,True,False,True,False
138,random,N3_many_exponential_kernel,0.8459401166537583,True,False,False,False,True,False
139,random,N4_slow_common_driver,0.7239718925085172,True,False,False,False,True,False
140,random,N5_nonstationary_drift,0.865857345021135,False,True,False,False,True,False
141,random,N6_switching_regime,0.8569919198120941,False,True,False,False,True,False
142,random,N7_colored_noise,0.7535061267254478,True,False,False,False,True,False
143,random,N8_measurement_filter,0.7531472517008133,True,False,False,False,True,False
144,random,N1_large_but_finite_AR,0.8493098138438808,True,False,False,False,True,False
145,random,N2_high_dimensional_SSM,0.6594625236331338,True,False,False,False,True,False
146,random,N3_many_exponential_kernel,0.5627428836117236,True,False,False,False,True,False
147,random,N4_slow_common_driver,0.7243371591061571,True,False,False,False,True,False
148,random,N5_nonstationary_drift,0.8517513134919596,False,True,False,False,True,False
149,random,N6_switching_regime,0.9555957032675724,False,True,False,False,True,False
150,random,N7_colored_noise,0.7190380407034062,True,False,False,False,True,False
151,random,N8_measurement_filter,0.707800285158853,True,False,False,False,True,False
152,random,N1_large_but_finite_AR,0.9611735390337511,True,False,True,False,True,False
153,random,N2_high_dimensional_SSM,0.5979197670436237,True,False,False,False,True,False
154,random,N3_many_exponential_kernel,0.5757112440199613,True,False,False,False,True,False
155,random,N4_slow_common_driver,0.6001614830386919,True,False,False,False,True,False
156,random,N5_nonstationary_drift,0.8385142339606385,False,True,False,False,True,False
157,random,N6_switching_regime,0.6456451102431253,False,True,False,False,True,False
158,random,N7_colored_noise,0.7140838471157768,True,False,False,False,True,False
159,random,N8_measurement_filter,0.9086191020297412,True,False,False,False,True,False
160,random,N1_large_but_finite_AR,0.7125392400456884,True,False,False,False,True,False
161,random,N2_high_dimensional_SSM,0.8625109532520903,True,False,False,False,True,False
162,random,N3_many_exponential_kernel,0.9443110637626679,True,False,False,False,True,False
163,random,N4_slow_common_driver,0.9791125160189817,True,False,False,False,True,False
164,random,N5_nonstationary_drift,0.7796702391885811,False,True,False,False,True,False
165,random,N6_switching_regime,0.7297443787456954,False,True,False,False,True,False
166,random,N7_colored_noise,0.7110666838618789,True,False,False,False,True,False
167,random,N8_measurement_filter,0.6188430645983098,True,False,False,False,True,False
168,random,N1_large_but_finite_AR,0.549401331024183,True,False,False,False,True,False
169,random,N2_high_dimensional_SSM,0.8632158113233278,True,False,False,False,True,False
170,random,N3_many_exponential_kernel,0.631393803441216,True,False,False,False,True,False
171,random,N4_slow_common_driver,0.8779879607306872,True,False,False,False,True,False
172,random,N5_nonstationary_drift,0.8907805591358011,False,True,False,False,True,False
173,random,N6_switching_regime,0.6704244520012815,False,True,False,False,True,False
174,random,N7_colored_noise,0.6072511227271757,True,False,False,False,True,False
175,random,N8_measurement_filter,0.5713578113959835,True,False,False,False,True,False
176,random,N1_large_but_finite_AR,0.7932970164649616,True,False,False,False,True,False
177,random,N2_high_dimensional_SSM,0.7206566492099354,True,False,False,False,True,False
178,random,N3_many_exponential_kernel,0.6041495069106508,True,False,False,False,True,False
179,random,N4_slow_common_driver,0.6826718467021304,True,False,False,False,True,False
180,random,N5_nonstationary_drift,0.7405426274883711,False,True,False,False,True,False
181,random,N6_switching_regime,0.6631047432365968,False,True,False,False,True,False
182,random,N7_colored_noise,0.8656760434352527,True,False,False,False,True,False
183,random,N8_measurement_filter,0.5845863602169957,True,False,False,False,True,False
184,random,N1_large_but_finite_AR,0.9223967858244461,True,False,False,False,True,False
185,random,N2_high_dimensional_SSM,0.8847805220416428,True,False,False,False,True,False
186,random,N3_many_exponential_kernel,0.6887232645971456,True,False,False,False,True,False
187,random,N4_slow_common_driver,0.8557941370174615,True,False,False,False,True,False
188,random,N5_nonstationary_drift,0.6797114499503856,False,True,False,False,True,False
189,random,N6_switching_regime,0.919545286911866,False,True,False,False,True,False
190,random,N7_colored_noise,0.7797419699101856,True,False,False,False,True,False
191,random,N8_measurement_filter,0.6768396145045311,True,False,False,False,True,False
192,random,N1_large_but_finite_AR,0.6673955694644167,True,False,False,False,True,False
193,random,N2_high_dimensional_SSM,0.7913425614322512,True,False,False,False,True,False
194,random,N3_many_exponential_kernel,0.5871160546884585,True,False,False,False,True,False
195,random,N4_slow_common_driver,0.834776949583083,True,False,False,False,True,False
196,random,N5_nonstationary_drift,0.8130796446353057,False,True,False,False,True,False
197,random,N6_switching_regime,0.594804416852478,False,True,False,False,True,False
198,random,N7_colored_noise,0.6621419612209081,True,False,False,False,True,False
199,random,N8_measurement_filter,0.8360079296783963,True,False,False,False,True,False
200,random,N1_large_but_finite_AR,0.7840982167509739,True,False,False,False,True,False
201,random,N2_high_dimensional_SSM,0.8004975116234715,True,False,False,False,True,False
202,random,N3_many_exponential_kernel,0.7602265364713879,True,False,False,False,True,False
203,random,N4_slow_common_driver,0.6595802269424687,True,False,False,False,True,False
204,random,N5_nonstationary_drift,0.9617381498294212,False,True,False,False,True,False
205,random,N6_switching_regime,0.8304974164964689,False,True,False,False,True,False
206,random,N7_colored_noise,0.6559185902211566,True,False,False,False,True,False
207,random,N8_measurement_filter,0.8883502924488262,True,False,False,False,True,False
208,random,N1_large_but_finite_AR,0.9026994399374061,True,False,False,False,True,False
209,random,N2_high_dimensional_SSM,0.7739068197754387,True,False,False,False,True,False
210,random,N3_many_exponential_kernel,0.6760982647400624,True,False,False,False,True,False
211,random,N4_slow_common_driver,0.6036929615765422,True,False,False,False,True,False
212,random,N5_nonstationary_drift,0.7852933933098878,False,True,False,False,True,False
213,random,N6_switching_regime,0.7703494452980945,False,True,False,False,True,False
214,random,N7_colored_noise,0.8935098816650175,True,False,False,False,True,False
215,random,N8_measurement_filter,0.8230803704295807,True,False,False,False,True,False
216,random,N1_large_but_finite_AR,0.6252968507584434,True,False,False,False,True,False
217,random,N2_high_dimensional_SSM,0.9429031163481516,True,False,False,False,True,False
218,random,N3_many_exponential_kernel,0.7905248884379041,True,False,False,False,True,False
219,random,N4_slow_common_driver,0.6967311177002423,True,False,False,False,True,False
220,random,N5_nonstationary_drift,0.9193721972223436,False,True,False,False,True,False
221,random,N6_switching_regime,0.9363613824862558,False,True,False,False,True,False
222,random,N7_colored_noise,0.7265872178111971,True,False,False,False,True,False
223,random,N8_measurement_filter,0.9700177175887766,True,False,False,False,True,False
224,random,N1_large_but_finite_AR,0.8997522296092576,True,False,False,False,True,False
225,random,N2_high_dimensional_SSM,0.8169182738332743,True,False,False,False,True,False
226,random,N3_many_exponential_kernel,0.7196949654681981,True,False,False,False,True,False
227,random,N4_slow_common_driver,0.6345927895026836,True,False,False,False,True,False
228,random,N5_nonstationary_drift,0.6444241182383813,False,True,False,False,True,False
229,random,N6_switching_regime,0.5540341795905401,False,True,False,False,True,False
230,random,N7_colored_noise,0.777174464432193,True,False,False,False,True,False
231,random,N8_measurement_filter,0.7022883749030545,True,False,False,False,True,False
232,random,N1_large_but_finite_AR,0.5919933877631025,True,False,False,False,True,False
233,random,N2_high_dimensional_SSM,0.6796851008857723,True,False,False,False,True,False
234,random,N3_many_exponential_kernel,0.9682740592370347,True,False,False,False,True,False
235,random,N4_slow_common_driver,0.6682087400616251,True,False,False,False,True,False
236,random,N5_nonstationary_drift,0.7033738418233033,False,True,False,False,True,False
237,random,N6_switching_regime,0.8265558287656852,False,True,False,False,True,False
238,random,N7_colored_noise,0.6645825461718818,True,False,False,False,True,False
239,random,N8_measurement_filter,0.9807582405446473,True,False,False,False,True,False
240,random,N1_large_but_finite_AR,0.9638999107454889,True,False,True,False,True,False
241,random,N2_high_dimensional_SSM,0.7869195521867197,True,False,False,False,True,False
242,random,N3_many_exponential_kernel,0.8663189397502807,True,False,False,False,True,False
243,random,N4_slow_common_driver,0.7293071811720586,True,False,False,False,True,False
244,random,N5_nonstationary_drift,0.723290354012103,False,True,False,False,True,False
245,random,N6_switching_regime,0.7354387803147839,False,True,False,False,True,False
246,random,N7_colored_noise,0.645101651812746,True,False,False,False,True,False
247,random,N8_measurement_filter,0.9719644289119328,True,False,False,False,True,False
248,random,N1_large_but_finite_AR,0.7652588717840875,True,False,False,False,True,False
249,random,N2_high_dimensional_SSM,0.6025542153896525,True,False,False,False,True,False
250,random,N3_many_exponential_kernel,0.9545652518844803,True,False,False,False,True,False
251,random,N4_slow_common_driver,0.741056148279715,True,False,False,False,True,False
252,random,N5_nonstationary_drift,0.6921585010609633,False,True,False,False,True,False
253,random,N6_switching_regime,0.7601276592938262,False,True,False,False,True,False
254,random,N7_colored_noise,0.5835006654192211,True,False,False,False,True,False
255,random,N8_measurement_filter,0.683561619169441,True,False,False,False,True,False
256,random,N1_large_but_finite_AR,0.5831972580377663,True,False,False,False,True,False
257,random,N2_high_dimensional_SSM,0.7777159777297625,True,False,False,False,True,False
258,random,N3_many_exponential_kernel,0.6800898841280756,True,False,False,False,True,False
259,random,N4_slow_common_driver,0.8745347380080237,True,False,False,False,True,False
260,random,N5_nonstationary_drift,0.6899793829124233,False,True,False,False,True,False
261,random,N6_switching_regime,0.747803255146019,False,True,False,False,True,False
262,random,N7_colored_noise,0.6283792638458575,True,False,False,False,True,False
263,random,N8_measurement_filter,0.7322178498021121,True,False,False,False,True,False
264,random,N1_large_but_finite_AR,0.880700723373309,True,False,False,False,True,False
265,random,N2_high_dimensional_SSM,0.5648504219300685,True,False,False,False,True,False
266,random,N3_many_exponential_kernel,0.8708811065125912,True,False,False,False,True,False
267,random,N4_slow_common_driver,0.6040450421603418,True,False,False,False,True,False
268,random,N5_nonstationary_drift,0.9465753507137069,False,True,False,False,True,False
269,random,N6_switching_regime,0.7423674006230335,False,True,False,False,True,False
270,random,N7_colored_noise,0.905248336804293,True,False,False,False,True,False
271,random,N8_measurement_filter,0.9652322944874522,True,False,False,False,True,False
272,random,N1_large_but_finite_AR,0.7709142359700231,True,False,False,False,True,False
273,random,N2_high_dimensional_SSM,0.9164523407539413,True,False,False,False,True,False
274,random,N3_many_exponential_kernel,0.8693380990796525,True,False,False,False,True,False
275,random,N4_slow_common_driver,0.8548701643742668,True,False,False,False,True,False
276,random,N5_nonstationary_drift,0.9492580287832691,False,True,False,False,True,False
277,random,N6_switching_regime,0.6110832642388854,False,True,False,False,True,False
278,random,N7_colored_noise,0.8344461422107461,True,False,False,False,True,False
279,random,N8_measurement_filter,0.6338043610514804,True,False,False,False,True,False
280,random,N1_large_but_finite_AR,0.947677329070558,True,False,True,False,True,False
281,random,N2_high_dimensional_SSM,0.6749387327075227,True,False,False,False,True,False
282,random,N3_many_exponential_kernel,0.8288841175980958,True,False,False,False,True,False
283,random,N4_slow_common_driver,0.8672338256444507,True,False,False,False,True,False
284,random,N5_nonstationary_drift,0.7530713183153916,False,True,False,False,True,False
285,random,N6_switching_regime,0.9875559413675298,False,True,False,False,True,False
286,random,N7_colored_noise,0.6023396029733303,True,False,False,False,True,False
287,random,N8_measurement_filter,0.814633630336147,True,False,False,False,True,False
288,random,N1_large_but_finite_AR,0.8785098493981052,True,False,False,False,True,False
289,random,N2_high_dimensional_SSM,0.8244092902540305,True,False,False,False,True,False
290,random,N3_many_exponential_kernel,0.6460695662610423,True,False,False,False,True,False
291,random,N4_slow_common_driver,0.8518458205201441,True,False,False,False,True,False
292,random,N5_nonstationary_drift,0.5780528101746298,False,True,False,False,True,False
293,random,N6_switching_regime,0.9129411909420383,False,True,False,False,True,False
294,random,N7_colored_noise,0.8182167344597545,True,False,False,False,True,False
295,random,N8_measurement_filter,0.9178593728773441,True,False,False,False,True,False
296,random,N1_large_but_finite_AR,0.6949442396224509,True,False,False,False,True,False
297,random,N2_high_dimensional_SSM,0.8547267574755236,True,False,False,False,True,False
298,random,N3_many_exponential_kernel,0.7453127127525515,True,False,False,False,True,False
299,random,N4_slow_common_driver,0.5924037587378337,True,False,False,False,True,False
300,random,N5_nonstationary_drift,0.8645694790378201,False,True,False,False,True,False
301,random,N6_switching_regime,0.9475760759542177,False,True,False,False,True,False
302,random,N7_colored_noise,0.62486514177514,True,False,False,False,True,False
303,random,N8_measurement_filter,0.6359899049762888,True,False,False,False,True,False
304,random,N1_large_but_finite_AR,0.6774621022104866,True,False,False,False,True,False
305,random,N2_high_dimensional_SSM,0.9628588071823451,True,False,True,False,True,False
306,random,N3_many_exponential_kernel,0.8396688104848354,True,False,False,False,True,False
307,random,N4_slow_common_driver,0.8842961214024394,True,False,False,False,True,False
308,random,N5_nonstationary_drift,0.7269778589419931,False,True,False,False,True,False
309,random,N6_switching_regime,0.8202941959730298,False,True,False,False,True,False
310,random,N7_colored_noise,0.9581393732311269,True,False,False,False,True,False
311,random,N8_measurement_filter,0.6025423390568162,True,False,False,False,True,False
312,random,N1_large_but_finite_AR,0.60494647373687,True,False,False,False,True,False
313,random,N2_high_dimensional_SSM,0.7745660545903179,True,False,False,False,True,False
314,random,N3_many_exponential_kernel,0.6057796232895704,True,False,False,False,True,False
315,random,N4_slow_common_driver,0.8596355872756475,True,False,False,False,True,False
316,random,N5_nonstationary_drift,0.7962635948415948,False,True,False,False,True,False
317,random,N6_switching_regime,0.9004271763261663,False,True,False,False,True,False
318,random,N7_colored_noise,0.8177993396220335,True,False,False,False,True,False
319,random,N8_measurement_filter,0.7852140698920657,True,False,False,False,True,False
320,random,N1_large_but_finite_AR,0.7174365977211287,True,False,False,False,True,False
321,random,N2_high_dimensional_SSM,0.7557387725976041,True,False,False,False,True,False
322,random,N3_many_exponential_kernel,0.5887405397971688,True,False,False,False,True,False
323,random,N4_slow_common_driver,0.9694327932015042,True,False,False,False,True,False
324,random,N5_nonstationary_drift,0.6766534713067398,False,True,False,False,True,False
325,random,N6_switching_regime,0.6463625643713976,False,True,False,False,True,False
326,random,N7_colored_noise,0.6088600029657217,True,False,False,False,True,False
327,random,N8_measurement_filter,0.7000789729828233,True,False,False,False,True,False
328,random,N1_large_but_finite_AR,0.8564124781322062,True,False,False,False,True,False
329,random,N2_high_dimensional_SSM,0.6766886641929402,True,False,False,False,True,False
330,random,N3_many_exponential_kernel,0.7214328529824184,True,False,False,False,True,False
331,random,N4_slow_common_driver,0.8487623769548237,True,False,False,False,True,False
332,random,N5_nonstationary_drift,0.7333793167476177,False,True,False,False,True,False
333,random,N6_switching_regime,0.6154901769172284,False,True,False,False,True,False
334,random,N7_colored_noise,0.922435159777568,True,False,False,False,True,False
335,random,N8_measurement_filter,0.7582512693807837,True,False,False,False,True,False
336,random,N1_large_but_finite_AR,0.5867101680759956,True,False,False,False,True,False
337,random,N2_high_dimensional_SSM,0.6766004935803771,True,False,False,False,True,False
338,random,N3_many_exponential_kernel,0.5888601151498919,True,False,False,False,True,False
339,random,N4_slow_common_driver,0.8965175713019443,True,False,False,False,True,False
340,random,N5_nonstationary_drift,0.8364757697376212,False,True,False,False,True,False
341,random,N6_switching_regime,0.8258808963635096,False,True,False,False,True,False
342,random,N7_colored_noise,0.7874840767135288,True,False,False,False,True,False
343,random,N8_measurement_filter,0.6916689626289149,True,False,False,False,True,False
344,random,N1_large_but_finite_AR,0.6906480505064875,True,False,False,False,True,False
345,random,N2_high_dimensional_SSM,0.8947224331930033,True,False,False,False,True,False
346,random,N3_many_exponential_kernel,0.8571369456915484,True,False,False,False,True,False
347,random,N4_slow_common_driver,0.8340395772776787,True,False,False,False,True,False
348,random,N5_nonstationary_drift,0.7917398986658345,False,True,False,False,True,False
349,random,N6_switching_regime,0.6409463024168669,False,True,False,False,True,False
350,random,N7_colored_noise,0.6707339810041018,True,False,False,False,True,False
351,random,N8_measurement_filter,0.8442218952372863,True,False,False,False,True,False
352,random,N1_large_but_finite_AR,0.9213152513179487,True,False,False,False,True,False
353,random,N2_high_dimensional_SSM,0.7583923749137679,True,False,False,False,True,False
354,random,N3_many_exponential_kernel,0.662458011858111,True,False,False,False,True,False
355,random,N4_slow_common_driver,0.614196311120274,True,False,False,False,True,False
356,random,N5_nonstationary_drift,0.6407566251962163,False,True,False,False,True,False
357,random,N6_switching_regime,0.7862165672207507,False,True,False,False,True,False
358,random,N7_colored_noise,0.8582985750481711,True,False,False,False,True,False
359,random,N8_measurement_filter,0.6576882114453038,True,False,False,False,True,False
360,random,N1_large_but_finite_AR,0.6481861068802154,True,False,False,False,True,False
361,random,N2_high_dimensional_SSM,0.7162172935542579,True,False,False,False,True,False
362,random,N3_many_exponential_kernel,0.5762341767705753,True,False,False,False,True,False
363,random,N4_slow_common_driver,0.7949765628141798,True,False,False,False,True,False
364,random,N5_nonstationary_drift,0.7684424997327094,False,True,False,False,True,False
365,random,N6_switching_regime,0.6829470111221057,False,True,False,False,True,False
366,random,N7_colored_noise,0.8633265535289796,True,False,False,False,True,False
367,random,N8_measurement_filter,0.8070065563477424,True,False,False,False,True,False
368,random,N1_large_but_finite_AR,0.8042942507159349,True,False,False,False,True,False
369,random,N2_high_dimensional_SSM,0.920856800336926,True,False,False,False,True,False
370,random,N3_many_exponential_kernel,0.8356063443724412,True,False,False,False,True,False
371,random,N4_slow_common_driver,0.6452903880959479,True,False,False,False,True,False
372,random,N5_nonstationary_drift,0.7706228660460956,False,True,False,False,True,False
373,random,N6_switching_regime,0.6825042855181574,False,True,False,False,True,False
374,random,N7_colored_noise,0.9814161297346774,True,False,False,False,True,False
375,random,N8_measurement_filter,0.8608150617925366,True,False,False,False,True,False
376,random,N1_large_but_finite_AR,0.9535983670811261,True,False,True,False,True,False
377,random,N2_high_dimensional_SSM,0.6582414160864765,True,False,False,False,True,False
378,random,N3_many_exponential_kernel,0.7183246473109782,True,False,False,False,True,False
379,random,N4_slow_common_driver,0.6456402566143864,True,False,False,False,True,False
380,random,N5_nonstationary_drift,0.7588876589100351,False,True,False,False,True,False
381,random,N6_switching_regime,0.8416263115930391,False,True,False,False,True,False
382,random,N7_colored_noise,0.5604998885607925,True,False,False,False,True,False
383,random,N8_measurement_filter,0.6159865971103061,True,False,False,False,True,False
384,random,N1_large_but_finite_AR,0.7260464425090885,True,False,False,False,True,False
385,random,N2_high_dimensional_SSM,0.8564963097722942,True,False,False,False,True,False
386,random,N3_many_exponential_kernel,0.695840278641757,True,False,False,False,True,False
387,random,N4_slow_common_driver,0.8402603179404534,True,False,False,False,True,False
388,random,N5_nonstationary_drift,0.7744027738969999,False,True,False,False,True,False
389,random,N6_switching_regime,0.6881950464282703,False,True,False,False,True,False
390,random,N7_colored_noise,0.8032153405589174,True,False,False,False,True,False
391,random,N8_measurement_filter,0.9356167313036625,True,False,False,False,True,False
392,random,N1_large_but_finite_AR,0.7144974734505071,True,False,False,False,True,False
393,random,N2_high_dimensional_SSM,0.655866589892669,True,False,False,False,True,False
394,random,N3_many_exponential_kernel,0.5904592858854124,True,False,False,False,True,False
395,random,N4_slow_common_driver,0.6155300263275055,True,False,False,False,True,False
396,random,N5_nonstationary_drift,0.8774099192772123,False,True,False,False,True,False
397,random,N6_switching_regime,0.5623240736967231,False,True,False,False,True,False
398,random,N7_colored_noise,0.8660336195662739,True,False,False,False,True,False
399,random,N8_measurement_filter,0.8505033612460654,True,False,False,False,True,False
400,random,N1_large_but_finite_AR,0.6120655801940098,True,False,False,False,True,False
401,random,N2_high_dimensional_SSM,0.7583746593333035,True,False,False,False,True,False
402,random,N3_many_exponential_kernel,0.9260301041325256,True,False,False,False,True,False
403,random,N4_slow_common_driver,0.694632629577526,True,False,False,False,True,False
404,random,N5_nonstationary_drift,0.6519152594497933,False,True,False,False,True,False
405,random,N6_switching_regime,0.9639056620993465,False,True,False,False,True,False
406,random,N7_colored_noise,0.9497680483415948,True,False,False,False,True,False
407,random,N8_measurement_filter,0.5571132117893567,True,False,False,False,True,False
408,random,N1_large_but_finite_AR,0.6662353763084129,True,False,False,False,True,False
409,random,N2_high_dimensional_SSM,0.7367433036829891,True,False,False,False,True,False
410,random,N3_many_exponential_kernel,0.7424153842938784,True,False,False,False,True,False
411,random,N4_slow_common_driver,0.6781492742490649,True,False,False,False,True,False
412,random,N5_nonstationary_drift,0.9022584796774402,False,True,False,False,True,False
413,random,N6_switching_regime,0.7633370377619523,False,True,False,False,True,False
414,random,N7_colored_noise,0.7050274823428744,True,False,False,False,True,False
415,random,N8_measurement_filter,0.605898852406914,True,False,False,False,True,False
416,random,N1_large_but_finite_AR,0.9304372095678012,True,False,False,False,True,False
417,random,N2_high_dimensional_SSM,0.7413447515826388,True,False,False,False,True,False
418,random,N3_many_exponential_kernel,0.884548044405606,True,False,False,False,True,False
419,random,N4_slow_common_driver,0.7602791011226041,True,False,False,False,True,False
420,random,N5_nonstationary_drift,0.8633030273114223,False,True,False,False,True,False
421,random,N6_switching_regime,0.7735527670799032,False,True,False,False,True,False
422,random,N7_colored_noise,0.6383485942778129,True,False,False,False,True,False
423,random,N8_measurement_filter,0.5859779256106155,True,False,False,False,True,False
424,random,N1_large_but_finite_AR,0.9317157546098555,True,False,False,False,True,False
425,random,N2_high_dimensional_SSM,0.7910237860720869,True,False,False,False,True,False
426,random,N3_many_exponential_kernel,0.7462163942064036,True,False,False,False,True,False
427,random,N4_slow_common_driver,0.7431382472626636,True,False,False,False,True,False
428,random,N5_nonstationary_drift,0.8672374358235809,False,True,False,False,True,False
429,random,N6_switching_regime,0.679340962562657,False,True,False,False,True,False
430,random,N7_colored_noise,0.7340469207548305,True,False,False,False,True,False
431,random,N8_measurement_filter,0.6912509356191986,True,False,False,False,True,False
432,random,N1_large_but_finite_AR,0.7615657437374125,True,False,False,False,True,False
433,random,N2_high_dimensional_SSM,0.605590848084458,True,False,False,False,True,False
434,random,N3_many_exponential_kernel,0.8453505260561233,True,False,False,False,True,False
435,random,N4_slow_common_driver,0.6569762951127887,True,False,False,False,True,False
436,random,N5_nonstationary_drift,0.9045937205861344,False,True,False,False,True,False
437,random,N6_switching_regime,0.7546730455048752,False,True,False,False,True,False
438,random,N7_colored_noise,0.8304479435065634,True,False,False,False,True,False
439,random,N8_measurement_filter,0.6389764364934152,True,False,False,False,True,False
440,random,N1_large_but_finite_AR,0.6182267696613396,True,False,False,False,True,False
441,random,N2_high_dimensional_SSM,0.9749236557660348,True,False,True,False,True,False
442,random,N3_many_exponential_kernel,0.8405277079165633,True,False,False,False,True,False
443,random,N4_slow_common_driver,0.5850866067039802,True,False,False,False,True,False
444,random,N5_nonstationary_drift,0.6545625665024836,False,True,False,False,True,False
445,random,N6_switching_regime,0.8886073440586341,False,True,False,False,True,False
446,random,N7_colored_noise,0.5671276582367859,True,False,False,False,True,False
447,random,N8_measurement_filter,0.5869879202368233,True,False,False,False,True,False
448,random,N1_large_but_finite_AR,0.795091086422109,True,False,False,False,True,False
449,random,N2_high_dimensional_SSM,0.9281145499212439,True,False,False,False,True,False
450,random,N3_many_exponential_kernel,0.6767998944330805,True,False,False,False,True,False
451,random,N4_slow_common_driver,0.8794779311957823,True,False,False,False,True,False
452,random,N5_nonstationary_drift,0.613587722819852,False,True,False,False,True,False
453,random,N6_switching_regime,0.5547432553601284,False,True,False,False,True,False
454,random,N7_colored_noise,0.6491627188752793,True,False,False,False,True,False
455,random,N8_measurement_filter,0.939031943588811,True,False,False,False,True,False
456,random,N1_large_but_finite_AR,0.9077675916504725,True,False,False,False,True,False
457,random,N2_high_dimensional_SSM,0.7542693066731245,True,False,False,False,True,False
458,random,N3_many_exponential_kernel,0.9085765533491029,True,False,False,False,True,False
459,random,N4_slow_common_driver,0.9476616331827356,True,False,False,False,True,False
460,random,N5_nonstationary_drift,0.6809466606868735,False,True,False,False,True,False
461,random,N6_switching_regime,0.61357976103366,False,True,False,False,True,False
462,random,N7_colored_noise,0.7891077420727548,True,False,False,False,True,False
463,random,N8_measurement_filter,0.6341212540824727,True,False,False,False,True,False
464,random,N1_large_but_finite_AR,0.5943172321436528,True,False,False,False,True,False
465,random,N2_high_dimensional_SSM,0.9036067597310196,True,False,False,False,True,False
466,random,N3_many_exponential_kernel,0.5788211115631958,True,False,False,False,True,False
467,random,N4_slow_common_driver,0.7491916605493071,True,False,False,False,True,False
468,random,N5_nonstationary_drift,0.9656504246873002,False,True,False,False,True,False
469,random,N6_switching_regime,0.6599841186326795,False,True,False,False,True,False
470,random,N7_colored_noise,0.9224527619276331,True,False,False,False,True,False
471,random,N8_measurement_filter,0.9415082075149315,True,False,False,False,True,False
472,random,N1_large_but_finite_AR,0.9396694997120646,True,False,False,False,True,False
473,random,N2_high_dimensional_SSM,0.9707488989839674,True,False,True,False,True,False
474,random,N3_many_exponential_kernel,0.6391003729992689,True,False,False,False,True,False
475,random,N4_slow_common_driver,0.6022338634647896,True,False,False,False,True,False
476,random,N5_nonstationary_drift,0.5631099739956361,False,True,False,False,True,False
477,random,N6_switching_regime,0.8631081116088442,False,True,False,False,True,False
478,random,N7_colored_noise,0.6659705796588233,True,False,False,False,True,False
479,random,N8_measurement_filter,0.8812140267952386,True,False,False,False,True,False
480,random,N1_large_but_finite_AR,0.9464824549458852,True,False,True,False,True,False
481,random,N2_high_dimensional_SSM,0.5691627715379342,True,False,False,False,True,False
482,random,N3_many_exponential_kernel,0.8185443793936812,True,False,False,False,True,False
483,random,N4_slow_common_driver,0.8246380449393906,True,False,False,False,True,False
484,random,N5_nonstationary_drift,0.7999859303218158,False,True,False,False,True,False
485,random,N6_switching_regime,0.6723212062253041,False,True,False,False,True,False
486,random,N7_colored_noise,0.6258245294028681,True,False,False,False,True,False
487,random,N8_measurement_filter,0.7632904314887378,True,False,False,False,True,False
488,random,N1_large_but_finite_AR,0.5890926648640729,True,False,False,False,True,False
489,random,N2_high_dimensional_SSM,0.8685975149242037,True,False,False,False,True,False
490,random,N3_many_exponential_kernel,0.6752657723697637,True,False,False,False,True,False
491,random,N4_slow_common_driver,0.9120051680257987,True,False,False,False,True,False
492,random,N5_nonstationary_drift,0.6900890884100858,False,True,False,False,True,False
493,random,N6_switching_regime,0.666308528959127,False,True,False,False,True,False
494,random,N7_colored_noise,0.6019841429956667,True,False,False,False,True,False
495,random,N8_measurement_filter,0.6244786170102589,True,False,False,False,True,False
496,random,N1_large_but_finite_AR,0.9116285825767554,True,False,False,False,True,False
497,random,N2_high_dimensional_SSM,0.777225330098897,True,False,False,False,True,False
498,random,N3_many_exponential_kernel,0.5644031215510027,True,False,False,False,True,False
499,random,N4_slow_common_driver,0.581360695170306,True,False,False,False,True,False
500,adaptive_evolutionary,N5_nonstationary_drift,0.5554669461177133,False,True,False,False,True,False
501,adaptive_evolutionary,N6_switching_regime,0.5635730336411214,False,True,False,False,True,False
502,adaptive_evolutionary,N7_colored_noise,0.5498721504833421,True,False,False,False,True,False
503,adaptive_evolutionary,N8_measurement_filter,0.541152532896132,True,False,False,False,True,False
504,adaptive_evolutionary,N1_large_but_finite_AR,0.5561848337744254,True,False,False,False,True,False
505,adaptive_evolutionary,N2_high_dimensional_SSM,0.5700898315639269,True,False,False,False,True,False
506,adaptive_evolutionary,N3_many_exponential_kernel,0.5386799005976969,True,False,False,False,True,False
507,adaptive_evolutionary,N4_slow_common_driver,0.5842249275155846,True,False,False,False,True,False
508,adaptive_evolutionary,N5_nonstationary_drift,0.5611493994688634,False,True,False,False,True,False
509,adaptive_evolutionary,N6_switching_regime,0.5593668743782735,False,True,False,False,True,False
510,adaptive_evolutionary,N7_colored_noise,0.572612820358618,True,False,False,False,True,False
511,adaptive_evolutionary,N8_measurement_filter,0.5514019015156667,True,False,False,False,True,False
512,adaptive_evolutionary,N1_large_but_finite_AR,0.581411802971232,True,False,False,False,True,False
513,adaptive_evolutionary,N2_high_dimensional_SSM,0.562962061055479,True,False,False,False,True,False
514,adaptive_evolutionary,N3_many_exponential_kernel,0.5815828501958364,True,False,False,False,True,False
515,adaptive_evolutionary,N4_slow_common_driver,0.5831578925725103,True,False,False,False,True,False
516,adaptive_evolutionary,N5_nonstationary_drift,0.5580423193947419,False,True,False,False,True,False
517,adaptive_evolutionary,N6_switching_regime,0.5795535117670212,False,True,False,False,True,False
518,adaptive_evolutionary,N7_colored_noise,0.5714674638057642,True,False,False,False,True,False
519,adaptive_evolutionary,N8_measurement_filter,0.6021260735714111,True,False,False,False,True,False
520,adaptive_evolutionary,N1_large_but_finite_AR,0.5754066715456637,True,False,False,False,True,False
521,adaptive_evolutionary,N2_high_dimensional_SSM,0.5864955508572977,True,False,False,False,True,False
522,adaptive_evolutionary,N3_many_exponential_kernel,0.5645148307228145,True,False,False,False,True,False
523,adaptive_evolutionary,N4_slow_common_driver,0.5874947735464665,True,False,False,False,True,False
524,adaptive_evolutionary,N5_nonstationary_drift,0.5846103619466969,False,True,False,False,True,False
525,adaptive_evolutionary,N6_switching_regime,0.5877436831435753,False,True,False,False,True,False
526,adaptive_evolutionary,N7_colored_noise,0.5833899253421398,True,False,False,False,True,False
527,adaptive_evolutionary,N8_measurement_filter,0.5818005684794945,True,False,False,False,True,False
528,adaptive_evolutionary,N1_large_but_finite_AR,0.5732944272673852,True,False,False,False,True,False
529,adaptive_evolutionary,N2_high_dimensional_SSM,0.5890950844320774,True,False,False,False,True,False
530,adaptive_evolutionary,N3_many_exponential_kernel,0.5793278948187084,True,False,False,False,True,False
531,adaptive_evolutionary,N4_slow_common_driver,0.6078410357600671,True,False,False,False,True,False
532,adaptive_evolutionary,N5_nonstationary_drift,0.6062821442789691,False,True,False,False,True,False
533,adaptive_evolutionary,N6_switching_regime,0.5776578868552187,False,True,False,False,True,False
534,adaptive_evolutionary,N7_colored_noise,0.6094155331427883,True,False,False,False,True,False
535,adaptive_evolutionary,N8_measurement_filter,0.5782999429856375,True,False,False,False,True,False
536,adaptive_evolutionary,N1_large_but_finite_AR,0.602745851401858,True,False,False,False,True,False
537,adaptive_evolutionary,N2_high_dimensional_SSM,0.6022972488688896,True,False,False,False,True,False
538,adaptive_evolutionary,N3_many_exponential_kernel,0.6159355758130597,True,False,False,False,True,False
539,adaptive_evolutionary,N4_slow_common_driver,0.5973918647041799,True,False,False,False,True,False
540,adaptive_evolutionary,N5_nonstationary_drift,0.6150395046393339,False,True,False,False,True,False
541,adaptive_evolutionary,N6_switching_regime,0.6033201261334331,False,True,False,False,True,False
542,adaptive_evolutionary,N7_colored_noise,0.6142233136925983,True,False,False,False,True,False
543,adaptive_evolutionary,N8_measurement_filter,0.6160171183770685,True,False,False,False,True,False
544,adaptive_evolutionary,N1_large_but_finite_AR,0.6098075636821344,True,False,False,False,True,False
545,adaptive_evolutionary,N2_high_dimensional_SSM,0.6255218239635651,True,False,False,False,True,False
546,adaptive_evolutionary,N3_many_exponential_kernel,0.6106821896374764,True,False,False,False,True,False
547,adaptive_evolutionary,N4_slow_common_driver,0.6378335402092742,True,False,False,False,True,False
548,adaptive_evolutionary,N5_nonstationary_drift,0.6211308874775087,False,True,False,False,True,False
549,adaptive_evolutionary,N6_switching_regime,0.6252437256797673,False,True,False,False,True,False
550,adaptive_evolutionary,N7_colored_noise,0.6362345646189752,True,False,False,False,True,False
551,adaptive_evolutionary,N8_measurement_filter,0.6176557699373898,True,False,False,False,True,False
552,adaptive_evolutionary,N1_large_but_finite_AR,0.6244309975334622,True,False,False,False,True,False
553,adaptive_evolutionary,N2_high_dimensional_SSM,0.6124455502090814,True,False,False,False,True,False
554,adaptive_evolutionary,N3_many_exponential_kernel,0.6355521687930806,True,False,False,False,True,False
555,adaptive_evolutionary,N4_slow_common_driver,0.6345805524545839,True,False,False,False,True,False
556,adaptive_evolutionary,N5_nonstationary_drift,0.6460850205567875,False,True,False,False,True,False
557,adaptive_evolutionary,N6_switching_regime,0.6356085450212344,False,True,False,False,True,False
558,adaptive_evolutionary,N7_colored_noise,0.62912696950553,True,False,False,False,True,False
559,adaptive_evolutionary,N8_measurement_filter,0.6544350948245604,True,False,False,False,True,False
560,adaptive_evolutionary,N1_large_but_finite_AR,0.6489311214500659,True,False,False,False,True,False
561,adaptive_evolutionary,N2_high_dimensional_SSM,0.6495259846828384,True,False,False,False,True,False
562,adaptive_evolutionary,N3_many_exponential_kernel,0.6460621367758089,True,False,False,False,True,False
563,adaptive_evolutionary,N4_slow_common_driver,0.6239259570729477,True,False,False,False,True,False
564,adaptive_evolutionary,N5_nonstationary_drift,0.6592299614355975,False,True,False,False,True,False
565,adaptive_evolutionary,N6_switching_regime,0.6508194419572233,False,True,False,False,True,False
566,adaptive_evolutionary,N7_colored_noise,0.6599062794690898,True,False,False,False,True,False
567,adaptive_evolutionary,N8_measurement_filter,0.6358976612972859,True,False,False,False,True,False
568,adaptive_evolutionary,N1_large_but_finite_AR,0.6521362025906705,True,False,False,False,True,False
569,adaptive_evolutionary,N2_high_dimensional_SSM,0.6273906753001766,True,False,False,False,True,False
570,adaptive_evolutionary,N3_many_exponential_kernel,0.6391109316362577,True,False,False,False,True,False
571,adaptive_evolutionary,N4_slow_common_driver,0.6782976125088057,True,False,False,False,True,False
572,adaptive_evolutionary,N5_nonstationary_drift,0.664933092350545,False,True,False,False,True,False
573,adaptive_evolutionary,N6_switching_regime,0.6466734670155811,False,True,False,False,True,False
574,adaptive_evolutionary,N7_colored_noise,0.6615051854354898,True,False,False,False,True,False
575,adaptive_evolutionary,N8_measurement_filter,0.6693803265828698,True,False,False,False,True,False
576,adaptive_evolutionary,N1_large_but_finite_AR,0.6613808403029902,True,False,False,False,True,False
577,adaptive_evolutionary,N2_high_dimensional_SSM,0.6724337247125171,True,False,False,False,True,False
578,adaptive_evolutionary,N3_many_exponential_kernel,0.6652444870441655,True,False,False,False,True,False
579,adaptive_evolutionary,N4_slow_common_driver,0.6565726950684142,True,False,False,False,True,False
580,adaptive_evolutionary,N5_nonstationary_drift,0.655099647695377,False,True,False,False,True,False
581,adaptive_evolutionary,N6_switching_regime,0.6556237346562299,False,True,False,False,True,False
582,adaptive_evolutionary,N7_colored_noise,0.676898538132152,True,False,False,False,True,False
583,adaptive_evolutionary,N8_measurement_filter,0.6658256132353229,True,False,False,False,True,False
584,adaptive_evolutionary,N1_large_but_finite_AR,0.6804839464359207,True,False,False,False,True,False
585,adaptive_evolutionary,N2_high_dimensional_SSM,0.6948865520162544,True,False,False,False,True,False
586,adaptive_evolutionary,N3_many_exponential_kernel,0.6746682795971872,True,False,False,False,True,False
587,adaptive_evolutionary,N4_slow_common_driver,0.6753591031733066,True,False,False,False,True,False
588,adaptive_evolutionary,N5_nonstationary_drift,0.6746632100546807,False,True,False,False,True,False
589,adaptive_evolutionary,N6_switching_regime,0.6771811348952788,False,True,False,False,True,False
590,adaptive_evolutionary,N7_colored_noise,0.6790421065665155,True,False,False,False,True,False
591,adaptive_evolutionary,N8_measurement_filter,0.6626267818472666,True,False,False,False,True,False
592,adaptive_evolutionary,N1_large_but_finite_AR,0.6793846000093029,True,False,False,False,True,False
593,adaptive_evolutionary,N2_high_dimensional_SSM,0.6847616125846056,True,False,False,False,True,False
594,adaptive_evolutionary,N3_many_exponential_kernel,0.6847814893338016,True,False,False,False,True,False
595,adaptive_evolutionary,N4_slow_common_driver,0.6875566169002166,True,False,False,False,True,False
596,adaptive_evolutionary,N5_nonstationary_drift,0.6992004652627359,False,True,False,False,True,False
597,adaptive_evolutionary,N6_switching_regime,0.6773487298572003,False,True,False,False,True,False
598,adaptive_evolutionary,N7_colored_noise,0.6983577590695897,True,False,False,False,True,False
599,adaptive_evolutionary,N8_measurement_filter,0.6887382727718541,True,False,False,False,True,False
600,adaptive_evolutionary,N1_large_but_finite_AR,0.6926391570132401,True,False,False,False,True,False
601,adaptive_evolutionary,N2_high_dimensional_SSM,0.689570203031111,True,False,False,False,True,False
602,adaptive_evolutionary,N3_many_exponential_kernel,0.682531282355711,True,False,False,False,True,False
603,adaptive_evolutionary,N4_slow_common_driver,0.6935306293168817,True,False,False,False,True,False
604,adaptive_evolutionary,N5_nonstationary_drift,0.6936017985585126,False,True,False,False,True,False
605,adaptive_evolutionary,N6_switching_regime,0.7010115004168881,False,True,False,False,True,False
606,adaptive_evolutionary,N7_colored_noise,0.6994362339848195,True,False,False,False,True,False
607,adaptive_evolutionary,N8_measurement_filter,0.7029619612721835,True,False,False,False,True,False
608,adaptive_evolutionary,N1_large_but_finite_AR,0.7111124149477329,True,False,False,False,True,False
609,adaptive_evolutionary,N2_high_dimensional_SSM,0.705583092974172,True,False,False,False,True,False
610,adaptive_evolutionary,N3_many_exponential_kernel,0.689495836599198,True,False,False,False,True,False
611,adaptive_evolutionary,N4_slow_common_driver,0.7125244090226546,True,False,False,False,True,False
612,adaptive_evolutionary,N5_nonstationary_drift,0.6964893982054567,False,True,False,False,True,False
613,adaptive_evolutionary,N6_switching_regime,0.7138201648448561,False,True,False,False,True,False
614,adaptive_evolutionary,N7_colored_noise,0.7175205554075139,True,False,False,False,True,False
615,adaptive_evolutionary,N8_measurement_filter,0.714852140809502,True,False,False,False,True,False
616,adaptive_evolutionary,N1_large_but_finite_AR,0.7294474433483643,True,False,False,False,True,False
617,adaptive_evolutionary,N2_high_dimensional_SSM,0.7246682068598191,True,False,False,False,True,False
618,adaptive_evolutionary,N3_many_exponential_kernel,0.7103324823159819,True,False,False,False,True,False
619,adaptive_evolutionary,N4_slow_common_driver,0.7217434267249069,True,False,False,False,True,False
620,adaptive_evolutionary,N5_nonstationary_drift,0.7243929599976296,False,True,False,False,True,False
621,adaptive_evolutionary,N6_switching_regime,0.727369627331547,False,True,False,False,True,False
622,adaptive_evolutionary,N7_colored_noise,0.7099916238852488,True,False,False,False,True,False
623,adaptive_evolutionary,N8_measurement_filter,0.7345138718928754,True,False,False,False,True,False
624,adaptive_evolutionary,N1_large_but_finite_AR,0.7446800540967062,True,False,False,False,True,False
625,adaptive_evolutionary,N2_high_dimensional_SSM,0.7482498122923641,True,False,False,False,True,False
626,adaptive_evolutionary,N3_many_exponential_kernel,0.7345621323614356,True,False,False,False,True,False
627,adaptive_evolutionary,N4_slow_common_driver,0.7554218813628731,True,False,False,False,True,False
628,adaptive_evolutionary,N5_nonstationary_drift,0.7317333239602318,False,True,False,False,True,False
629,adaptive_evolutionary,N6_switching_regime,0.7188163188786075,False,True,False,False,True,False
630,adaptive_evolutionary,N7_colored_noise,0.7512799833629187,True,False,False,False,True,False
631,adaptive_evolutionary,N8_measurement_filter,0.7335756356487697,True,False,False,False,True,False
632,adaptive_evolutionary,N1_large_but_finite_AR,0.7397094887959161,True,False,False,False,True,False
633,adaptive_evolutionary,N2_high_dimensional_SSM,0.734283952732533,True,False,False,False,True,False
634,adaptive_evolutionary,N3_many_exponential_kernel,0.7519657896081821,True,False,False,False,True,False
635,adaptive_evolutionary,N4_slow_common_driver,0.7477855188170063,True,False,False,False,True,False
636,adaptive_evolutionary,N5_nonstationary_drift,0.732095971414144,False,True,False,False,True,False
637,adaptive_evolutionary,N6_switching_regime,0.7398479143539297,False,True,False,False,True,False
638,adaptive_evolutionary,N7_colored_noise,0.7217373047310727,True,False,False,False,True,False
639,adaptive_evolutionary,N8_measurement_filter,0.763298913703658,True,False,False,False,True,False
640,adaptive_evolutionary,N1_large_but_finite_AR,0.7615306295878413,True,False,False,False,True,False
641,adaptive_evolutionary,N2_high_dimensional_SSM,0.7629064693214137,True,False,False,False,True,False
642,adaptive_evolutionary,N3_many_exponential_kernel,0.7445439582078198,True,False,False,False,True,False
643,adaptive_evolutionary,N4_slow_common_driver,0.7511010486499305,True,False,False,False,True,False
644,adaptive_evolutionary,N5_nonstationary_drift,0.760343722645772,False,True,False,False,True,False
645,adaptive_evolutionary,N6_switching_regime,0.7599730814563221,False,True,False,False,True,False
646,adaptive_evolutionary,N7_colored_noise,0.730633404015412,True,False,False,False,True,False
647,adaptive_evolutionary,N8_measurement_filter,0.7511354495534056,True,False,False,False,True,False
648,adaptive_evolutionary,N1_large_but_finite_AR,0.7697425732952516,True,False,False,False,True,False
649,adaptive_evolutionary,N2_high_dimensional_SSM,0.7588181865711378,True,False,False,False,True,False
650,adaptive_evolutionary,N3_many_exponential_kernel,0.7712352282646956,True,False,False,False,True,False
651,adaptive_evolutionary,N4_slow_common_driver,0.7682803162451645,True,False,False,False,True,False
652,adaptive_evolutionary,N5_nonstationary_drift,0.7756067765948913,False,True,False,False,True,False
653,adaptive_evolutionary,N6_switching_regime,0.7688032784144182,False,True,False,False,True,False
654,adaptive_evolutionary,N7_colored_noise,0.7779783337929119,True,False,False,False,True,False
655,adaptive_evolutionary,N8_measurement_filter,0.7687480217219611,True,False,False,False,True,False
656,adaptive_evolutionary,N1_large_but_finite_AR,0.7760793739617502,True,False,False,False,True,False
657,adaptive_evolutionary,N2_high_dimensional_SSM,0.7705322157207537,True,False,False,False,True,False
658,adaptive_evolutionary,N3_many_exponential_kernel,0.7706828497964161,True,False,False,False,True,False
659,adaptive_evolutionary,N4_slow_common_driver,0.7747490617299051,True,False,False,False,True,False
660,adaptive_evolutionary,N5_nonstationary_drift,0.7805472166935293,False,True,False,False,True,False
661,adaptive_evolutionary,N6_switching_regime,0.7851245140047705,False,True,False,False,True,False
662,adaptive_evolutionary,N7_colored_noise,0.8018803156570787,True,False,False,False,True,False
663,adaptive_evolutionary,N8_measurement_filter,0.7923940789911131,True,False,False,False,True,False
664,adaptive_evolutionary,N1_large_but_finite_AR,0.7825037815596919,True,False,False,False,True,False
665,adaptive_evolutionary,N2_high_dimensional_SSM,0.7877596696565627,True,False,False,False,True,False
666,adaptive_evolutionary,N3_many_exponential_kernel,0.7964058451537103,True,False,False,False,True,False
667,adaptive_evolutionary,N4_slow_common_driver,0.7994490944837566,True,False,False,False,True,False
668,adaptive_evolutionary,N5_nonstationary_drift,0.7838533270642576,False,True,False,False,True,False
669,adaptive_evolutionary,N6_switching_regime,0.7920272768503682,False,True,False,False,True,False
670,adaptive_evolutionary,N7_colored_noise,0.7907077798781177,True,False,False,False,True,False
671,adaptive_evolutionary,N8_measurement_filter,0.7970178355996912,True,False,False,False,True,False
672,adaptive_evolutionary,N1_large_but_finite_AR,0.8105012501593897,True,False,False,False,True,False
673,adaptive_evolutionary,N2_high_dimensional_SSM,0.810032664720823,True,False,False,False,True,False
674,adaptive_evolutionary,N3_many_exponential_kernel,0.7828026637383475,True,False,False,False,True,False
675,adaptive_evolutionary,N4_slow_common_driver,0.7954711842926028,True,False,False,False,True,False
676,adaptive_evolutionary,N5_nonstationary_drift,0.8050698941403058,False,True,False,False,True,False
677,adaptive_evolutionary,N6_switching_regime,0.8006244923421568,False,True,False,False,True,False
678,adaptive_evolutionary,N7_colored_noise,0.8160745718292092,True,False,False,False,True,False
679,adaptive_evolutionary,N8_measurement_filter,0.7953607779143983,True,False,False,False,True,False
680,adaptive_evolutionary,N1_large_but_finite_AR,0.8085961661210602,True,False,False,False,True,False
681,adaptive_evolutionary,N2_high_dimensional_SSM,0.8130939846130397,True,False,False,False,True,False
682,adaptive_evolutionary,N3_many_exponential_kernel,0.8033553597749725,True,False,False,False,True,False
683,adaptive_evolutionary,N4_slow_common_driver,0.8077679845458346,True,False,False,False,True,False
684,adaptive_evolutionary,N5_nonstationary_drift,0.8243582357253345,False,True,False,False,True,False
685,adaptive_evolutionary,N6_switching_regime,0.8156375828387465,False,True,False,False,True,False
686,adaptive_evolutionary,N7_colored_noise,0.8201099745446375,True,False,False,False,True,False
687,adaptive_evolutionary,N8_measurement_filter,0.8221672718253653,True,False,False,False,True,False
688,adaptive_evolutionary,N1_large_but_finite_AR,0.8179246052423849,True,False,False,False,True,False
689,adaptive_evolutionary,N2_high_dimensional_SSM,0.8288997542453836,True,False,False,False,True,False
690,adaptive_evolutionary,N3_many_exponential_kernel,0.8041904853810102,True,False,False,False,True,False
691,adaptive_evolutionary,N4_slow_common_driver,0.8278954766588362,True,False,False,False,True,False
692,adaptive_evolutionary,N5_nonstationary_drift,0.8434632844658755,False,True,False,False,True,False
693,adaptive_evolutionary,N6_switching_regime,0.8376135884795621,False,True,False,False,True,False
694,adaptive_evolutionary,N7_colored_noise,0.82295941667698,True,False,False,False,True,False
695,adaptive_evolutionary,N8_measurement_filter,0.82536222838286,True,False,False,False,True,False
696,adaptive_evolutionary,N1_large_but_finite_AR,0.8469811714054921,True,False,False,False,True,False
697,adaptive_evolutionary,N2_high_dimensional_SSM,0.8491260584706887,True,False,False,False,True,False
698,adaptive_evolutionary,N3_many_exponential_kernel,0.8464758111393299,True,False,False,False,True,False
699,adaptive_evolutionary,N4_slow_common_driver,0.8264649508463437,True,False,False,False,True,False
700,adaptive_evolutionary,N5_nonstationary_drift,0.8304302734994388,False,True,False,False,True,False
701,adaptive_evolutionary,N6_switching_regime,0.8129245908740139,False,True,False,False,True,False
702,adaptive_evolutionary,N7_colored_noise,0.8448128433973241,True,False,False,False,True,False
703,adaptive_evolutionary,N8_measurement_filter,0.8408301432676363,True,False,False,False,True,False
704,adaptive_evolutionary,N1_large_but_finite_AR,0.8389397064561183,True,False,False,False,True,False
705,adaptive_evolutionary,N2_high_dimensional_SSM,0.8404550106514139,True,False,False,False,True,False
706,adaptive_evolutionary,N3_many_exponential_kernel,0.8329991576204951,True,False,False,False,True,False
707,adaptive_evolutionary,N4_slow_common_driver,0.8588986408543993,True,False,False,False,True,False
708,adaptive_evolutionary,N5_nonstationary_drift,0.8496349162064606,False,True,False,False,True,False
709,adaptive_evolutionary,N6_switching_regime,0.8571543860655451,False,True,False,False,True,False
710,adaptive_evolutionary,N7_colored_noise,0.858251215215147,True,False,False,False,True,False
711,adaptive_evolutionary,N8_measurement_filter,0.8439134350864066,True,False,False,False,True,False
712,adaptive_evolutionary,N1_large_but_finite_AR,0.8528233692009948,True,False,False,False,True,False
713,adaptive_evolutionary,N2_high_dimensional_SSM,0.8384283961101859,True,False,False,False,True,False
714,adaptive_evolutionary,N3_many_exponential_kernel,0.8611868790938275,True,False,False,False,True,False
715,adaptive_evolutionary,N4_slow_common_driver,0.8539257174385008,True,False,False,False,True,False
716,adaptive_evolutionary,N5_nonstationary_drift,0.8558130805339844,False,True,False,False,True,False
717,adaptive_evolutionary,N6_switching_regime,0.8847443527695127,False,True,False,False,True,False
718,adaptive_evolutionary,N7_colored_noise,0.8653865225979928,True,False,False,False,True,False
719,adaptive_evolutionary,N8_measurement_filter,0.8624549520479311,True,False,False,False,True,False
720,adaptive_evolutionary,N1_large_but_finite_AR,0.8526569763738177,True,False,False,False,True,False
721,adaptive_evolutionary,N2_high_dimensional_SSM,0.8786582050803495,True,False,False,False,True,False
722,adaptive_evolutionary,N3_many_exponential_kernel,0.8684041123636873,True,False,False,False,True,False
723,adaptive_evolutionary,N4_slow_common_driver,0.8851361268401142,True,False,False,False,True,False
724,adaptive_evolutionary,N5_nonstationary_drift,0.8852262110588532,False,True,False,False,True,False
725,adaptive_evolutionary,N6_switching_regime,0.8879121115505205,False,True,False,False,True,False
726,adaptive_evolutionary,N7_colored_noise,0.8790302336278906,True,False,False,False,True,False
727,adaptive_evolutionary,N8_measurement_filter,0.886538076390647,True,False,False,False,True,False
728,adaptive_evolutionary,N1_large_but_finite_AR,0.8675362617677327,True,False,False,False,True,False
729,adaptive_evolutionary,N2_high_dimensional_SSM,0.8841511222831999,True,False,False,False,True,False
730,adaptive_evolutionary,N3_many_exponential_kernel,0.881947552826879,True,False,False,False,True,False
731,adaptive_evolutionary,N4_slow_common_driver,0.8843307821485604,True,False,False,False,True,False
732,adaptive_evolutionary,N5_nonstationary_drift,0.8723712121979866,False,True,False,False,True,False
733,adaptive_evolutionary,N6_switching_regime,0.8887990721951995,False,True,False,False,True,False
734,adaptive_evolutionary,N7_colored_noise,0.8917941414347819,True,False,False,False,True,False
735,adaptive_evolutionary,N8_measurement_filter,0.889323462838495,True,False,False,False,True,False
736,adaptive_evolutionary,N1_large_but_finite_AR,0.88894004794671,True,False,False,False,True,False
737,adaptive_evolutionary,N2_high_dimensional_SSM,0.8773329546582394,True,False,False,False,True,False
738,adaptive_evolutionary,N3_many_exponential_kernel,0.8750810798239074,True,False,False,False,True,False
739,adaptive_evolutionary,N4_slow_common_driver,0.9075827452640326,True,False,False,False,True,False
740,adaptive_evolutionary,N5_nonstationary_drift,0.889228481436914,False,True,False,False,True,False
741,adaptive_evolutionary,N6_switching_regime,0.8887605040574489,False,True,False,False,True,False
742,adaptive_evolutionary,N7_colored_noise,0.8931993135516132,True,False,False,False,True,False
743,adaptive_evolutionary,N8_measurement_filter,0.8940421707886448,True,False,False,False,True,False
744,adaptive_evolutionary,N1_large_but_finite_AR,0.8951678025361752,True,False,False,False,True,False
745,adaptive_evolutionary,N2_high_dimensional_SSM,0.9082496347071602,True,False,False,False,True,False
746,adaptive_evolutionary,N3_many_exponential_kernel,0.9181137931851027,True,False,False,False,True,False
747,adaptive_evolutionary,N4_slow_common_driver,0.9396409732952977,True,False,False,False,True,False
748,adaptive_evolutionary,N5_nonstationary_drift,0.9241128050308154,False,True,False,False,True,False
749,adaptive_evolutionary,N6_switching_regime,0.9080886533508502,False,True,False,False,True,False
750,adaptive_evolutionary,N7_colored_noise,0.92614073834299,True,False,False,False,True,False
751,adaptive_evolutionary,N8_measurement_filter,0.9300935625499172,True,False,False,False,True,False
752,adaptive_evolutionary,N1_large_but_finite_AR,0.9081222672339212,True,False,False,False,True,False
753,adaptive_evolutionary,N2_high_dimensional_SSM,0.8929431569059779,True,False,False,False,True,False
754,adaptive_evolutionary,N3_many_exponential_kernel,0.9119408542584858,True,False,False,False,True,False
755,adaptive_evolutionary,N4_slow_common_driver,0.9242158391972413,True,False,False,False,True,False
756,adaptive_evolutionary,N5_nonstationary_drift,0.9251559427937706,False,True,False,False,True,False
757,adaptive_evolutionary,N6_switching_regime,0.9211390036889476,False,True,False,False,True,False
758,adaptive_evolutionary,N7_colored_noise,0.9125771111269754,True,False,False,False,True,False
759,adaptive_evolutionary,N8_measurement_filter,0.9245386280901217,True,False,False,False,True,False
760,adaptive_evolutionary,N1_large_but_finite_AR,0.9388282509190693,True,False,False,False,True,False
761,adaptive_evolutionary,N2_high_dimensional_SSM,0.9317414814754372,True,False,False,False,True,False
762,adaptive_evolutionary,N3_many_exponential_kernel,0.9420003881567668,True,False,False,False,True,False
763,adaptive_evolutionary,N4_slow_common_driver,0.9407689800385043,True,False,False,False,True,False
764,adaptive_evolutionary,N5_nonstationary_drift,0.9345635207057456,False,True,False,False,True,False
765,adaptive_evolutionary,N6_switching_regime,0.9358812667905275,False,True,False,False,True,False
766,adaptive_evolutionary,N7_colored_noise,0.9461228397303577,True,False,False,False,True,False
767,adaptive_evolutionary,N8_measurement_filter,0.9270441116589186,True,False,False,False,True,False
768,adaptive_evolutionary,N1_large_but_finite_AR,0.9353977294376828,True,False,False,False,True,False
769,adaptive_evolutionary,N2_high_dimensional_SSM,0.9336625192183947,True,False,False,False,True,False
770,adaptive_evolutionary,N3_many_exponential_kernel,0.9388052003546768,True,False,False,False,True,False
771,adaptive_evolutionary,N4_slow_common_driver,0.9298881614493151,True,False,False,False,True,False
772,adaptive_evolutionary,N5_nonstationary_drift,0.9376232461718333,False,True,False,False,True,False
773,adaptive_evolutionary,N6_switching_regime,0.9487025414667489,False,True,False,False,True,False
774,adaptive_evolutionary,N7_colored_noise,0.9303768203605907,True,False,False,False,True,False
775,adaptive_evolutionary,N8_measurement_filter,0.9613303658657527,True,False,False,False,True,False
776,adaptive_evolutionary,N1_large_but_finite_AR,0.9519080843294638,True,False,True,False,True,False
777,adaptive_evolutionary,N2_high_dimensional_SSM,0.9665638951186403,True,False,True,False,True,False
778,adaptive_evolutionary,N3_many_exponential_kernel,0.9612887521293134,True,False,False,False,True,False
779,adaptive_evolutionary,N4_slow_common_driver,0.9466485524931754,True,False,False,False,True,False
780,adaptive_evolutionary,N5_nonstationary_drift,0.9555531057217574,False,True,False,False,True,False
781,adaptive_evolutionary,N6_switching_regime,0.9631212235434891,False,True,False,False,True,False
782,adaptive_evolutionary,N7_colored_noise,0.9451990543755674,True,False,False,False,True,False
783,adaptive_evolutionary,N8_measurement_filter,0.9564625178354211,True,False,False,False,True,False
784,adaptive_evolutionary,N1_large_but_finite_AR,0.9495669206289616,True,False,True,False,True,False
785,adaptive_evolutionary,N2_high_dimensional_SSM,0.9567815308410597,True,False,True,False,True,False
786,adaptive_evolutionary,N3_many_exponential_kernel,0.962695819556108,True,False,False,False,True,False
787,adaptive_evolutionary,N4_slow_common_driver,0.9749176688627651,True,False,False,False,True,False
788,adaptive_evolutionary,N5_nonstationary_drift,0.9615613093720496,False,True,False,False,True,False
789,adaptive_evolutionary,N6_switching_regime,0.9694408877693731,False,True,False,False,True,False
790,adaptive_evolutionary,N7_colored_noise,0.9760340006288559,True,False,False,False,True,False
791,adaptive_evolutionary,N8_measurement_filter,0.9686523349963877,True,False,False,False,True,False
792,adaptive_evolutionary,N1_large_but_finite_AR,0.9702270260988868,True,False,True,False,True,False
793,adaptive_evolutionary,N2_high_dimensional_SSM,0.9747221753126397,True,False,True,False,True,False
794,adaptive_evolutionary,N3_many_exponential_kernel,0.9776453865137376,True,False,False,False,True,False
795,adaptive_evolutionary,N4_slow_common_driver,1.0,True,False,False,False,True,False
796,adaptive_evolutionary,N5_nonstationary_drift,0.9791627373151507,False,True,False,False,True,False
797,adaptive_evolutionary,N6_switching_regime,0.968216102884981,False,True,False,False,True,False
798,adaptive_evolutionary,N7_colored_noise,0.9683271251666812,True,False,False,False,True,False
799,adaptive_evolutionary,N8_measurement_filter,0.9820412932566843,True,False,False,False,True,False
